date,wavelength,global irradiance,clean reflectance,wavelength interval,algae reflectance 1,algae reflectance 2,algae reflectance 3,algae reflectance 4,algae reflectance 5,algae reflectance 6,algae reflectance 7,algae reflectance 8,algae reflectance 9,algae reflectance 10
7/2/21,280,0.046012223,0.987241,10,0.316848,0.467037,0.649455,0.473909,0.422085,0.647473,0.516666,0.555614,0.771796,
7/2/21,290,0.191236147,0.98799,10,0.312272,0.463702,0.646502,0.47111,0.419002,0.644825,0.512346,0.551475,0.770052,
7/2/21,300,0.00511021,0.988112,10,0.307979,0.460596,0.643719,0.468524,0.416148,0.642343,0.50826,0.547554,0.768405,
7/2/21,310,0.111121769,0.988376,10,0.303941,0.457696,0.6411,0.466127,0.413497,0.64002,0.504389,0.543836,0.766869,
7/2/21,320,0.279435949,0.988548,10,0.300143,0.454988,0.638631,0.463905,0.411035,0.637842,0.500721,0.540309,0.76543,
7/2/21,330,0.52760747,0.989057,10,0.296549,0.452448,0.636301,0.461835,0.408736,0.635798,0.497229,0.536949,0.764088,
7/2/21,340,0.560448092,0.989372,10,0.293166,0.450083,0.63411,0.459926,0.406609,0.633889,0.493924,0.533766,0.762834,
7/2/21,350,0.626290384,0.989709,10,0.28997,0.447855,0.632032,0.458135,0.404613,0.632085,0.490777,0.530733,0.76165,
7/2/21,360,0.645507985,0.990281,10,0.27876,0.440081,0.624403,0.452684,0.398821,0.627596,0.479603,0.519939,0.757209,
7/2/21,370,0.79090405,0.990599,10,0.262406,0.430332,0.613827,0.445952,0.391851,0.621271,0.462904,0.503752,0.752267,
7/2/21,380,0.773732571,0.990691,10,0.251575,0.42498,0.607658,0.44213,0.38755,0.616212,0.451567,0.492722,0.749915,
7/2/21,390,0.778199974,0.991037,10,0.245146,0.422284,0.604325,0.440215,0.385433,0.613217,0.444728,0.486051,0.748918,
7/2/21,400,1.135179967,0.991241,10,0.240247,0.420451,0.602053,0.438904,0.383885,0.610784,0.439459,0.480904,0.748355,
7/2/21,410,1.322984602,0.991358,10,0.236416,0.418869,0.600209,0.437819,0.382333,0.608828,0.435302,0.476837,0.747416,
7/2/21,420,1.378735055,0.991772,10,0.232694,0.41752,0.599021,0.437076,0.380618,0.607199,0.431237,0.472857,0.746509,
7/2/21,430,1.261753884,0.991767,10,0.230812,0.416959,0.598578,0.436773,0.379894,0.606516,0.429171,0.470832,0.746257,
7/2/21,440,1.500909199,0.991532,10,0.229584,0.416572,0.598368,0.436605,0.37933,0.606224,0.427817,0.469504,0.746003,
7/2/21,450,1.661219337,0.991428,10,0.229118,0.416332,0.598204,0.436426,0.379057,0.606052,0.427296,0.468993,0.746237,
7/2/21,460,1.719632101,0.991167,10,0.228978,0.416268,0.598179,0.436332,0.379306,0.605954,0.427132,0.46883,0.788448,
7/2/21,470,1.69933438,0.990835,10,0.228727,0.416029,0.598003,0.436169,0.378789,0.605826,0.426836,0.468539,0.890579,
7/2/21,480,1.747515225,0.990219,10,0.228606,0.415879,0.597815,0.436,0.378595,0.605689,0.426685,0.468388,0.921542,
7/2/21,490,1.628479494,0.989879,10,0.228508,0.415756,0.597704,0.435846,0.378625,0.605523,0.426561,0.468265,0.92164,
7/2/21,500,1.658729856,0.989264,10,0.22839,0.415612,0.59758,0.43572,0.378892,0.60541,0.426418,0.468123,0.910896,
7/2/21,510,1.670200302,0.988484,10,0.228229,0.415422,0.597309,0.435423,0.378966,0.605163,0.426231,0.467937,0.895873,
7/2/21,520,1.581557182,0.987736,10,0.228066,0.41523,0.597406,0.435522,0.378907,0.605253,0.426042,0.46775,0.878649,
7/2/21,530,1.630062735,0.986898,10,0.227934,0.415074,0.59805,0.436221,0.379346,0.605871,0.425896,0.467606,0.873279,
7/2/21,540,1.621406302,0.985933,10,0.228612,0.415739,0.601064,0.439455,0.382603,0.608746,0.426638,0.468332,0.864208,
7/2/21,550,1.625914236,0.984747,10,0.233093,0.420103,0.61071,0.449502,0.392718,0.617822,0.431543,0.473137,0.849142,
7/2/21,560,1.593327186,0.983481,10,0.247888,0.434134,0.631165,0.470487,0.413771,0.636395,0.447496,0.488728,0.844681,
7/2/21,570,1.590662521,0.982102,10,0.279636,0.462571,0.661486,0.501523,0.445777,0.663132,0.480299,0.520582,0.844506,
7/2/21,580,1.582058349,0.980827,10,0.320472,0.493545,0.68797,0.526263,0.471561,0.686015,0.520004,0.55879,0.833975,
7/2/21,590,1.528844193,0.97938,10,0.350755,0.505788,0.695646,0.528227,0.473626,0.695705,0.547938,0.585458,0.809816,
7/2/21,600,1.530043892,0.97787,10,0.372993,0.515167,0.700729,0.528104,0.473507,0.696005,0.567744,0.604264,0.803129,
7/2/21,610,1.516945334,0.977354,10,0.392063,0.524745,0.706894,0.532022,0.477618,0.69934,0.584313,0.619941,0.802245,
7/2/21,620,1.491364847,0.975195,10,0.396533,0.516167,0.699961,0.524005,0.469236,0.702722,0.588099,0.623501,0.788331,
7/2/21,630,1.480558577,0.972657,10,0.371934,0.492077,0.680324,0.503029,0.447395,0.691438,0.566689,0.603228,0.773323,
7/2/21,640,1.463891921,0.970351,10,0.367115,0.492161,0.679191,0.49965,0.443905,0.680352,0.562378,0.599122,0.775351,
7/2/21,650,1.430465438,0.96846,10,0.336999,0.484147,0.667374,0.479695,0.423306,0.641594,0.535144,0.573193,0.783439,
7/2/21,660,1.38399387,0.965842,10,0.318023,0.472364,0.655966,0.46794,0.411255,0.629272,0.517385,0.556191,0.780331,
7/2/21,670,1.401748642,0.963927,10,0.271617,0.425861,0.615547,0.443732,0.386594,0.63043,0.471864,0.512327,0.74457,
7/2/21,680,1.321900459,0.962359,10,0.251289,0.416401,0.60315,0.436198,0.378978,0.623171,0.450753,0.491809,0.741853,
7/2/21,690,1.268221974,0.960107,10,0.290458,0.432734,0.624669,0.452323,0.39535,0.655687,0.490639,0.530444,0.745404,
7/2/21,700,1.262401806,0.957294,10,0.528395,0.605173,0.768178,0.62041,0.571934,0.800988,0.69282,0.721099,0.820071,
7/2/21,710,1.290944364,0.953344,10,0.712926,0.756861,0.862843,0.76805,0.73487,0.885444,0.821013,0.838053,0.887142,
7/2/21,720,1.12323402,0.949938,10,0.776211,0.810468,0.890979,0.81921,0.793143,0.907173,0.860144,0.872876,0.907942,
7/2/21,730,1.119848873,0.947654,10,0.830938,0.855771,0.912614,0.862167,0.842972,0.923227,0.891792,0.900575,0.923409,
7/2/21,740,1.191328173,0.945359,10,0.8894,0.902754,0.931636,0.906249,0.89562,0.936315,0.921992,0.926227,0.936192,
7/2/21,750,1.195591027,0.941431,10,0.943621,0.942175,0.941681,0.942096,0.942349,0.941668,0.942131,0.941983,0.941511,
7/2/21,760,1.182892464,0.936411,10,0.939074,0.937315,0.936715,0.937218,0.937526,0.936699,0.937261,0.937081,0.936509,
7/2/21,770,1.049381533,0.930781,10,0.93388,0.931832,0.931135,0.93172,0.932078,0.931117,0.93177,0.931561,0.930895,
7/2/21,780,1.13064091,0.92458,10,0.928189,0.925802,0.924991,0.925671,0.926088,0.92497,0.92573,0.925486,0.924712,
7/2/21,790,1.095392071,0.919226,10,0.923238,0.920584,0.919682,0.920438,0.920901,0.919659,0.920503,0.920233,0.919373,
7/2/21,800,1.064196872,0.9146,10,0.919031,0.916098,0.915103,0.915937,0.916448,0.915077,0.916009,0.91571,0.914761,
7/2/21,810,0.97581525,0.911616,10,0.916189,0.913162,0.912135,0.912997,0.913524,0.912109,0.913071,0.912762,0.911783,
7/2/21,820,0.915764305,0.910937,10,0.915562,0.912501,0.911462,0.912333,0.912867,0.911435,0.912408,0.912096,0.911106,
7/2/21,830,0.924986277,0.910321,10,0.914829,0.911846,0.910833,0.911683,0.912203,0.910807,0.911756,0.911452,0.910485,
7/2/21,840,0.962601228,0.90968,10,0.91409,0.911173,0.910181,0.911013,0.911522,0.910156,0.911084,0.910787,0.909841,
7/2/21,850,0.915159865,0.905424,10,0.909928,0.90695,0.905937,0.906787,0.907307,0.905911,0.90686,0.906556,0.905589,
7/2/21,860,0.948068493,0.897155,10,0.902077,0.898822,0.897715,0.898644,0.899212,0.897687,0.898723,0.898391,0.897335,
7/2/21,870,0.902282499,0.888471,10,0.893875,0.890301,0.889086,0.890105,0.890728,0.889054,0.890192,0.889827,0.888669,
7/2/21,880,0.900377881,0.87704,10,0.883135,0.879102,0.877732,0.878881,0.879584,0.877697,0.87898,0.878568,0.877262,
7/2/21,890,0.771916524,0.866282,10,0.87299,0.868551,0.867044,0.868307,0.869082,0.867005,0.868416,0.867964,0.866527,
7/2/21,900,0.709686938,0.85963,10,0.866673,0.862012,0.86043,0.861757,0.862569,0.860389,0.861871,0.861396,0.859887,
7/2/21,910,0.692075744,0.856224,10,0.86317,0.858575,0.857014,0.858323,0.859125,0.856974,0.858436,0.857967,0.856478,
7/2/21,920,0.688899393,0.853444,10,0.860422,0.855807,0.854238,0.855554,0.85636,0.854197,0.855667,0.855196,0.853699,
7/2/21,930,0.507502109,0.848585,10,0.855135,0.850808,0.849333,0.85057,0.851327,0.849295,0.850677,0.850234,0.848826,
7/2/21,940,0.396986004,0.844662,10,0.850101,0.846515,0.845286,0.846317,0.846947,0.845254,0.846406,0.846037,0.844863,
7/2/21,950,0.427594216,0.83956,10,0.843914,0.841046,0.840061,0.840888,0.841392,0.840035,0.840959,0.840663,0.839721,
7/2/21,960,0.529819455,0.82799,10,0.832379,0.82949,0.828495,0.82933,0.829839,0.82847,0.829402,0.829104,0.828153,
7/2/21,970,0.645257826,0.811563,10,0.81703,0.813428,0.812191,0.813229,0.813862,0.812159,0.813318,0.812947,0.811765,
7/2/21,980,0.670148267,0.795244,10,0.801977,0.797537,0.796015,0.797292,0.798071,0.795976,0.797401,0.796945,0.795492,
7/2/21,990,0.690648972,0.77924,10,0.787554,0.782064,0.780189,0.781761,0.782723,0.780141,0.781896,0.781334,0.779545,
7/2/21,1000,0.694948584,0.761905,10,0.77176,0.765244,0.763027,0.764887,0.766025,0.76297,0.765047,0.764381,0.762266,
7/2/21,1010,0.681135776,0.741318,10,0.752889,0.74523,0.742631,0.74481,0.746145,0.742564,0.744998,0.744217,0.74174,
7/2/21,1020,0.665099529,0.72405,10,0.736896,0.728387,0.725505,0.727921,0.729402,0.725431,0.728129,0.727264,0.724518,
7/2/21,1030,0.656035913,0.716784,10,0.730372,0.721367,0.718321,0.720875,0.722441,0.718243,0.721095,0.72018,0.717278,
7/2/21,1040,0.646031735,0.71559,10,0.729584,0.720306,0.717172,0.7198,0.721412,0.717091,0.720026,0.719084,0.716099,
7/2/21,1050,0.631472382,0.721121,10,0.735054,0.725817,0.722696,0.725313,0.726918,0.722616,0.725538,0.724601,0.721627,
7/2/21,1060,0.617335216,0.73201,10,0.745624,0.736599,0.733549,0.736106,0.737675,0.73347,0.736326,0.73541,0.732504,
7/2/21,1070,0.599315897,0.742374,10,0.755557,0.746819,0.743865,0.746342,0.747861,0.743789,0.746555,0.745668,0.742853,
7/2/21,1080,0.543171906,0.749973,10,0.762587,0.75423,0.751401,0.753773,0.755227,0.751329,0.753977,0.753128,0.750432,
7/2/21,1090,0.508007746,0.753336,10,0.76543,0.757421,0.754707,0.756983,0.758378,0.754638,0.757179,0.756364,0.753777,
7/2/21,1100,0.486317483,0.755688,10,0.767773,0.759771,0.757058,0.759333,0.760727,0.756989,0.759529,0.758714,0.756129,
7/2/21,1110,0.26473258,0.755672,10,0.767629,0.759712,0.757028,0.759279,0.760658,0.756959,0.759473,0.758667,0.756108,
7/2/21,1120,0.186545663,0.752955,10,0.764643,0.756909,0.754283,0.756485,0.757834,0.754215,0.756674,0.755886,0.753382,
7/2/21,1130,0.237497551,0.746179,10,0.7575,0.750013,0.747467,0.749602,0.75091,0.747401,0.749786,0.749022,0.746593,
7/2/21,1140,0.227384504,0.73527,10,0.746045,0.738924,0.736498,0.738533,0.739778,0.736436,0.738708,0.73798,0.735665,
7/2/21,1150,0.255945008,0.729747,10,0.738896,0.732861,0.730795,0.732528,0.733587,0.730741,0.732677,0.732057,0.730084,
7/2/21,1160,0.364810244,0.712138,10,0.720726,0.715067,0.713124,0.714754,0.715748,0.713074,0.714894,0.714311,0.712455,
7/2/21,1170,0.417261222,0.68218,10,0.692716,0.685763,0.683385,0.685379,0.686598,0.683324,0.685551,0.684837,0.682568,
7/2/21,1180,0.415708717,0.653467,10,0.665837,0.657661,0.654876,0.657212,0.658641,0.654805,0.657413,0.656577,0.65392,
7/2/21,1190,0.422210456,0.626681,10,0.640355,0.631316,0.628238,0.630819,0.632399,0.628159,0.631041,0.630117,0.627182,
7/2/21,1200,0.424380043,0.603332,10,0.618672,0.608515,0.605071,0.607959,0.609729,0.604983,0.608208,0.607173,0.603891,
7/2/21,1210,0.420171488,0.572624,10,0.589641,0.57836,0.574547,0.577744,0.579705,0.574449,0.578019,0.576874,0.573242,
7/2/21,1220,0.420275369,0.541481,10,0.55977,0.547634,0.543544,0.546973,0.549079,0.543438,0.547269,0.546039,0.542144,
7/2/21,1230,0.419225575,0.521167,10,0.540599,0.527692,0.523353,0.526991,0.529226,0.523241,0.527304,0.525999,0.521869,
7/2/21,1240,0.429797799,0.508239,10,0.52826,0.514957,0.510489,0.514234,0.516536,0.510374,0.514557,0.513213,0.508962,
7/2/21,1250,0.414175136,0.498382,10,0.518856,0.505247,0.50068,0.504508,0.506862,0.500563,0.504838,0.503464,0.49912,
7/2/21,1260,0.399093621,0.493919,10,0.514678,0.500876,0.496248,0.500127,0.502513,0.496129,0.500462,0.49907,0.494667,
7/2/21,1270,0.38692572,0.491192,10,0.511957,0.498152,0.493521,0.497402,0.499789,0.493403,0.497737,0.496345,0.49194,
7/2/21,1280,0.380549505,0.492398,10,0.51319,0.499365,0.49473,0.498614,0.501004,0.494611,0.49895,0.497556,0.493147,
7/2/21,1290,0.392318167,0.495559,10,0.516101,0.502445,0.497864,0.501703,0.504065,0.497747,0.502035,0.500657,0.4963,
7/2/21,1300,0.35638949,0.497423,10,0.517663,0.504211,0.499696,0.503481,0.505808,0.49958,0.503807,0.502449,0.498153,
7/2/21,1310,0.336513694,0.499357,10,0.518957,0.505939,0.501562,0.505231,0.507486,0.501449,0.505548,0.504232,0.500065,
7/2/21,1320,0.321082325,0.500884,10,0.520035,0.507319,0.50304,0.506627,0.508831,0.50293,0.506936,0.50565,0.501576,
7/2/21,1330,0.163903586,0.501275,10,0.519865,0.507526,0.50337,0.506855,0.508995,0.503263,0.507155,0.505905,0.501948,
7/2/21,1340,0.112336246,0.501891,10,0.519369,0.50778,0.503865,0.507147,0.509161,0.503765,0.50743,0.506254,0.502525,
7/2/21,1350,0.083162372,0.498536,10,0.514126,0.503805,0.500304,0.50324,0.505038,0.500214,0.503492,0.502441,0.499105,
7/2/21,1360,0.044162262,0.495359,10,0.509681,0.50021,0.496989,0.49969,0.501344,0.496906,0.499923,0.498955,0.495883,
7/2/21,1370,0.026666807,0.491378,10,0.50479,0.495927,0.492907,0.49544,0.496989,0.492829,0.495657,0.494751,0.49187,
7/2/21,1380,0.01717223,0.483655,10,0.494708,0.487418,0.484921,0.487016,0.488295,0.484857,0.487196,0.486447,0.484062,
7/2/21,1390,0.011590382,0.471282,10,0.479172,0.473981,0.472191,0.473693,0.474608,0.472145,0.473822,0.473285,0.471575,
7/2/21,1400,0.011222747,0.452957,10,0.456677,0.45424,0.453391,0.454104,0.454536,0.453369,0.454165,0.453911,0.453097,
7/2/21,1410,0.015728994,0.388896,10,0.390824,0.389563,0.389122,0.389492,0.389717,0.38911,0.389524,0.389392,0.388969,
7/2/21,1420,0.023130581,0.295348,10,0.301394,0.297416,0.296045,0.297195,0.297896,0.296009,0.297294,0.296883,0.295572,
7/2/21,1430,0.03591045,0.209512,10,0.219993,0.213047,0.210698,0.212668,0.213876,0.210637,0.212837,0.212131,0.209893,
7/2/21,1440,0.06216988,0.149016,10,0.161263,0.153098,0.15038,0.152658,0.154062,0.15031,0.152854,0.152036,0.149454,
7/2/21,1450,0.086827038,0.109997,10,0.122382,0.114087,0.111359,0.113644,0.115058,0.11129,0.113842,0.113019,0.110434,
7/2/21,1460,0.112937212,0.078854,10,0.090589,0.082696,0.08013,0.082278,0.083614,0.080064,0.082465,0.08169,0.079262,
7/2/21,1470,0.1207863,0.056684,10,0.067529,0.06021,0.057852,0.059825,0.061055,0.057792,0.059997,0.059284,0.057058,
7/2/21,1480,0.127574939,0.042212,10,0.052285,0.045469,0.04329,0.045113,0.046253,0.043234,0.045272,0.044612,0.042557,
7/2/21,1490,0.161535804,0.034426,10,0.043943,0.037428,0.035328,0.037088,0.038175,0.035272,0.037239,0.036609,0.037547,
7/2/21,1500,0.210133843,0.031558,10,0.041054,0.034881,0.032571,0.034333,0.035301,0.032519,0.034515,0.03383,0.031881,
7/2/21,1510,0.227337573,0.033207,10,0.042997,0.036325,0.034287,0.035975,0.037091,0.034228,0.036131,0.035477,0.033544,
7/2/21,1520,0.266769886,0.035419,10,0.04559,0.038705,0.036515,0.038347,0.039493,0.036459,0.038507,0.037844,0.035774,
7/2/21,1530,0.264296392,0.037757,10,0.048198,0.041115,0.038866,0.040747,0.041925,0.038809,0.040911,0.04023,0.038112,
7/2/21,1540,0.262229981,0.041045,10,0.051879,0.044529,0.042196,0.044148,0.04537,0.042137,0.044318,0.043611,0.041413,
7/2/21,1550,0.250640982,0.045007,10,0.056294,0.048639,0.046207,0.048241,0.049515,0.046145,0.048419,0.047682,0.045391,
7/2/21,1560,0.243532289,0.04952,10,0.061281,0.053308,0.050771,0.052893,0.054221,0.050707,0.053078,0.05231,0.04992,
7/2/21,1570,0.242772424,0.054738,10,0.067034,0.058702,0.056047,0.058267,0.059657,0.05598,0.058461,0.057658,0.055156,
7/2/21,1580,0.239937088,0.061016,10,0.07391,0.065178,0.062392,0.064722,0.06618,0.062321,0.064926,0.064082,0.061456,
7/2/21,1590,0.233014622,0.06839,10,0.081937,0.072768,0.069838,0.072289,0.073822,0.069764,0.072503,0.071616,0.068853,
7/2/21,1600,0.229906283,0.07399,10,0.088059,0.078542,0.075496,0.078044,0.079636,0.075419,0.078266,0.077344,0.074472,
7/2/21,1610,0.222368967,0.079353,10,0.093876,0.084056,0.080909,0.083542,0.085186,0.080829,0.083771,0.082819,0.079851,
7/2/21,1620,0.221060935,0.084702,10,0.099707,0.089566,0.086312,0.089035,0.090734,0.08623,0.089272,0.088288,0.085217,
7/2/21,1630,0.228988295,0.087992,10,0.103223,0.09293,0.089627,0.092391,0.094116,0.089543,0.092632,0.091632,0.088515,
7/2/21,1640,0.217935277,0.091405,10,0.10692,0.096439,0.093072,0.095889,0.097647,0.092986,0.096134,0.095116,0.091938,
7/2/21,1650,0.216994572,0.095002,10,0.110869,0.100153,0.096708,0.099591,0.10139,0.096621,0.099842,0.0988,0.095548,
7/2/21,1660,0.214090035,0.099274,10,0.115519,0.104553,0.101023,0.103977,0.105819,0.100933,0.104234,0.103166,0.099834,
7/2/21,1670,0.208195393,0.104362,10,0.120903,0.10974,0.106144,0.109153,0.111029,0.106053,0.109415,0.108328,0.104932,
7/2/21,1680,0.199006542,0.109846,10,0.126728,0.115341,0.111667,0.114742,0.116658,0.111574,0.115009,0.113899,0.110429,
7/2/21,1690,0.195908858,0.115221,10,0.132453,0.120836,0.117083,0.120224,0.12218,0.116987,0.120497,0.119363,0.115817,
7/2/21,1700,0.189883708,0.120442,10,0.137964,0.126156,0.122337,0.125533,0.127523,0.12224,0.125811,0.124657,0.121049,
7/2/21,1710,0.182687079,0.125646,10,0.143452,0.131459,0.127574,0.130825,0.132849,0.127476,0.131108,0.129935,0.126263,
7/2/21,1720,0.179011214,0.130885,10,0.148944,0.136786,0.132844,0.136144,0.138197,0.132743,0.136431,0.13524,0.131512,
7/2/21,1730,0.170857874,0.136388,10,0.154734,0.14239,0.138381,0.141737,0.143824,0.138279,0.142029,0.140818,0.137027,
7/2/21,1740,0.165816895,0.141088,10,0.159529,0.147126,0.143093,0.146469,0.148567,0.142991,0.146762,0.145545,0.141731,
7/2/21,1750,0.114785859,0.144727,10,0.163276,0.150808,0.146747,0.150147,0.152259,0.146644,0.150442,0.149216,0.145374,
7/2/21,1760,0.092942661,0.148545,10,0.167201,0.154665,0.150579,0.154,0.156125,0.150475,0.154297,0.153064,0.149196,
7/2/21,1770,0.078136471,0.151798,10,0.170536,0.157952,0.153844,0.157283,0.159418,0.153739,0.157582,0.156342,0.152453,
7/2/21,1780,0.066924934,0.154589,10,0.173277,0.160733,0.156632,0.160066,0.162197,0.156528,0.160364,0.159127,0.155244,
7/2/21,1790,0.058625695,0.157442,10,0.176088,0.163578,0.159483,0.162912,0.165039,0.159379,0.16321,0.161974,0.158096,
7/2/21,1800,0.0512706,0.160256,10,0.178899,0.166396,0.1623,0.16573,0.167857,0.162195,0.166028,0.164792,0.160911,
7/2/21,1810,0.027857695,0.163598,10,0.182366,0.169784,0.165657,0.169113,0.171255,0.165552,0.169413,0.168168,0.164258,
7/2/21,1820,0.016992597,0.167376,10,0.186254,0.173602,0.169449,0.172927,0.175082,0.169343,0.173229,0.171976,0.16804,
7/2/21,1830,0.011523043,0.171401,10,0.19043,0.177684,0.173493,0.177003,0.179176,0.173386,0.177307,0.176043,0.172072,
7/2/21,1840,0.007941495,0.173265,10,0.192122,0.179496,0.175341,0.178821,0.180975,0.175235,0.179122,0.177869,0.173931,
7/2/21,1850,0.005668042,0.171656,10,0.190076,0.177748,0.173686,0.177088,0.179194,0.173582,0.177383,0.176159,0.172307,
7/2/21,1860,0.00413226,0.166907,10,0.183837,0.172527,0.168782,0.17192,0.173858,0.168686,0.172191,0.171063,0.167508,
7/2/21,1870,0.004671789,0.153529,10,0.167784,0.158281,0.155117,0.157768,0.159403,0.155036,0.157997,0.157044,0.154039,
7/2/21,1880,0.005561116,0.130173,10,0.141472,0.133958,0.131439,0.13355,0.134849,0.131375,0.133732,0.132975,0.13058,
7/2/21,1890,0.006567877,0.106519,10,0.116018,0.109704,0.107585,0.109361,0.110453,0.107531,0.109514,0.108877,0.106862,
7/2/21,1900,0.007841807,0.081396,10,0.089987,0.084265,0.082355,0.083956,0.084942,0.082306,0.084094,0.083519,0.081704,
7/2/21,1910,0.009447992,0.060005,10,0.067208,0.062408,0.060808,0.062148,0.062975,0.060767,0.062264,0.061783,0.060263,
7/2/21,1920,0.011513044,0.040023,10,0.04619,0.042072,0.040706,0.04185,0.042557,0.040671,0.041949,0.041538,0.040242,
7/2/21,1930,0.01244991,0.028171,10,0.034071,0.030108,0.028816,0.029898,0.030569,0.028783,0.029992,0.029602,0.028378,
7/2/21,1940,0.015186785,0.019558,10,0.025144,0.021391,0.020167,0.021192,0.021828,0.020136,0.021281,0.020911,0.019753,
7/2/21,1950,0.020008474,0.01439,10,0.019823,0.016164,0.014979,0.015971,0.016589,0.014949,0.016057,0.015699,0.014579,
7/2/21,1960,0.03024688,0.011239,10,0.016638,0.012994,0.01182,0.012803,0.013415,0.011791,0.012888,0.012533,0.011425,
7/2/21,1970,0.040998916,0.009314,10,0.014787,0.011086,0.0099,0.010892,0.011512,0.00987,0.010979,0.01062,0.009501,
7/2/21,1980,0.06216694,0.008316,10,0.013865,0.010108,0.008908,0.009912,0.010539,0.008878,0.009999,0.009636,0.008505,
7/2/21,1990,0.062760805,0.007834,10,0.013494,0.009658,0.008436,0.009458,0.010098,0.008405,0.009547,0.009177,0.008026,
7/2/21,2000,0.043707324,0.007772,10,0.013629,0.009655,0.008394,0.009449,0.01011,0.008362,0.009541,0.009159,0.007971,
7/2/21,2010,0.041764484,0.00797,10,0.014027,0.009914,0.008611,0.009701,0.010384,0.008578,0.009796,0.009401,0.008175,
7/2/21,2020,0.051207664,0.008443,10,0.014706,0.010451,0.009105,0.01023,0.010936,0.009071,0.010329,0.009921,0.008654,
7/2/21,2030,0.06819758,0.009028,10,0.015497,0.0111,0.009711,0.010872,0.011601,0.009676,0.010974,0.010553,0.009246,
7/2/21,2040,0.088673415,0.009745,10,0.016389,0.011872,0.010446,0.011638,0.012387,0.01041,0.011743,0.01131,0.009969,
7/2/21,2050,0.084681619,0.010744,10,0.017595,0.012938,0.011467,0.012697,0.013468,0.01143,0.012804,0.012358,0.010975,
7/2/21,2060,0.080546146,0.01224,10,0.019381,0.014527,0.012994,0.014276,0.01508,0.012955,0.014388,0.013923,0.012481,
7/2/21,2070,0.079525617,0.014129,10,0.0216,0.016522,0.014918,0.016259,0.017101,0.014877,0.016376,0.01589,0.014381,
7/2/21,2080,0.080739394,0.016799,10,0.02468,0.019326,0.017632,0.019048,0.019937,0.017589,0.019172,0.018659,0.017065,
7/2/21,2090,0.08219904,0.020155,10,0.028538,0.022845,0.021042,0.02255,0.023495,0.020997,0.022682,0.022135,0.020438,
7/2/21,2100,0.086004648,0.024564,10,0.033542,0.027445,0.025515,0.027129,0.02814,0.025466,0.02727,0.026685,0.024868,
7/2/21,2110,0.085225911,0.030388,10,0.040055,0.033524,0.03142,0.033177,0.034328,0.031367,0.033332,0.032692,0.030718,
7/2/21,2120,0.084203869,0.036361,10,0.04674,0.039717,0.037473,0.039351,0.040524,0.037416,0.039514,0.038835,0.036717,
7/2/21,2130,0.083808198,0.044242,10,0.055446,0.047869,0.045442,0.047472,0.048741,0.045381,0.047649,0.046915,0.044626,
7/2/21,2140,0.08342787,0.052933,10,0.064976,0.056841,0.054227,0.056414,0.057779,0.054161,0.056605,0.055814,0.053347,
7/2/21,2150,0.083248269,0.061926,10,0.074753,0.066099,0.063309,0.065644,0.067099,0.063238,0.065847,0.065003,0.062368,
7/2/21,2160,0.080485328,0.071292,10,0.084874,0.075721,0.072761,0.075238,0.076781,0.072685,0.075454,0.074559,0.071762,
7/2/21,2170,0.078519933,0.080372,10,0.094607,0.085025,0.081917,0.084519,0.086137,0.081837,0.084745,0.083806,0.080867,
7/2/21,2180,0.078692649,0.089523,10,0.10433,0.094374,0.091134,0.093846,0.095532,0.091052,0.094082,0.093103,0.090039,
7/2/21,2190,0.07738646,0.098224,10,0.113514,0.103244,0.099893,0.102698,0.10444,0.099807,0.102942,0.10193,0.098759,
7/2/21,2200,0.076279904,0.106355,10,0.122023,0.111508,0.108069,0.110949,0.112735,0.107981,0.111199,0.110161,0.106905,
7/2/21,2210,0.074503639,0.113456,10,0.129386,0.118704,0.115202,0.118135,0.119952,0.115113,0.118389,0.117333,0.114016,
7/2/21,2220,0.073520537,0.12134,10,0.137496,0.126673,0.123116,0.126095,0.12794,0.123025,0.126353,0.12528,0.12191,
7/2/21,2230,0.072084305,0.12844,10,0.144735,0.133827,0.130235,0.133244,0.135106,0.130143,0.133504,0.132421,0.129016,
7/2/21,2240,0.070518167,0.1344,10,0.150701,0.139798,0.136199,0.139213,0.141077,0.136107,0.139474,0.13839,0.134977,
7/2/21,2250,0.069074445,0.138618,10,0.154785,0.143978,0.140405,0.143398,0.145248,0.140314,0.143657,0.14258,0.139191,
7/2/21,2260,0.067683538,0.137741,10,0.153677,0.143026,0.139503,0.142454,0.144278,0.139413,0.142709,0.141648,0.138306,
7/2/21,2270,0.066733262,0.134904,10,0.150567,0.140098,0.136636,0.139536,0.141328,0.136548,0.139787,0.138744,0.13546,
7/2/21,2280,0.064198117,0.128655,10,0.143956,0.133724,0.130345,0.133175,0.134925,0.130259,0.13342,0.132402,0.129197,
7/2/21,2290,0.062331652,0.120986,10,0.135939,0.125933,0.122634,0.125397,0.127107,0.12255,0.125636,0.124642,0.121515,
7/2/21,2300,0.060317086,0.111982,10,0.126513,0.116781,0.11358,0.116261,0.11792,0.113499,0.116493,0.115528,0.112495,
7/2/21,2310,0.05901175,0.102346,10,0.11634,0.106956,0.10388,0.106456,0.108053,0.103801,0.106679,0.105751,0.102838,
7/2/21,2320,0.056966183,0.093382,10,0.106921,0.097835,0.094863,0.097352,0.098895,0.094787,0.097568,0.096671,0.093857,
7/2/21,2330,0.055236586,0.085118,10,0.098084,0.089375,0.086533,0.088913,0.09039,0.086461,0.089119,0.088261,0.085572,
7/2/21,2340,0.054154249,0.078095,10,0.090442,0.082144,0.079441,0.081704,0.08311,0.079372,0.081901,0.081084,0.078526,
7/2/21,2350,0.052624906,0.072055,10,0.08389,0.075932,0.073343,0.07551,0.076857,0.073277,0.075698,0.074917,0.072467,
7/2/21,2360,0.05122541,0.067383,10,0.078766,0.071109,0.06862,0.070704,0.071999,0.068557,0.070885,0.070133,0.067779,
7/2/21,2370,0.043731255,0.063756,10,0.074719,0.067343,0.064947,0.066953,0.0682,0.064886,0.067127,0.066403,0.064137,
7/2/21,2380,0.038575127,0.061084,10,0.071671,0.064548,0.062234,0.064171,0.065375,0.062175,0.064339,0.06364,0.061452,
7/2/21,2390,0.034776178,0.059187,10,0.069425,0.062538,0.060299,0.062173,0.063338,0.060242,0.062336,0.06166,0.059543,
7/2/21,2400,0.032083376,0.057628,10,0.06751,0.060864,0.058703,0.060512,0.061637,0.058648,0.060669,0.060016,0.057972,
7/2/21,2410,0.029440958,0.056367,10,0.065929,0.0595,0.057408,0.05916,0.060248,0.057355,0.059312,0.05868,0.056701,
7/2/21,2420,0.027061765,0.055319,10,0.064562,0.058349,0.056326,0.05802,0.059072,0.056274,0.058167,0.057556,0.055641,
7/2/21,2430,0.025325105,0.054454,10,0.0634,0.05739,0.05543,0.057071,0.05809,0.05538,0.057213,0.056622,0.054767,
7/2/21,2440,0.023591778,0.053466,10,0.062032,0.05628,0.054401,0.055974,0.05695,0.054353,0.056111,0.055544,0.053765,
7/2/21,2450,0.02181601,0.052362,10,0.060533,0.055049,0.053255,0.054757,0.055689,0.05321,0.054888,0.054346,0.052648,
7/2/21,2460,0.016856722,0.051332,10,0.059168,0.053912,0.052191,0.053632,0.054526,0.052147,0.053757,0.053238,0.051607,
7/2/21,2470,0.013449024,0.050421,10,0.057931,0.052895,0.051244,0.052627,0.053484,0.051202,0.052747,0.052249,0.050685,
7/2/21,2480,0.010883821,0.049617,10,0.056729,0.051964,0.050398,0.051709,0.052521,0.050358,0.051823,0.051351,0.049867,
7/2/21,2490,0.008990001,0.048858,10,0.055636,0.051097,0.049603,0.050854,0.051629,0.049565,0.050963,0.050512,0.049097,
7/2/21,2500,0.007582743,0.048126,10,0.054679,0.050292,0.048847,0.050057,0.050806,0.04881,0.050162,0.049726,0.048357,
7/2/21,2510,0.000368105,0.047798,10,0.054175,0.049907,0.0485,0.049678,0.050407,0.048464,0.04978,0.049356,0.048023,
7/2/21,2520,5.27743E-05,0.047874,10,0.054105,0.049935,0.048561,0.049712,0.050425,0.048526,0.049812,0.049398,0.048094,
7/2/21,2530,1.11156E-05,0.048295,10,0.054412,0.050319,0.048969,0.0501,0.050799,0.048935,0.050198,0.049791,0.048511,
7/2/21,2540,2.86983E-06,0.049031,10,0.055028,0.051016,0.049693,0.050801,0.051487,0.049659,0.050898,0.050498,0.049243,
7/2/21,2550,8.52908E-07,0.049769,10,0.055604,0.051702,0.050413,0.051493,0.05216,0.05038,0.051586,0.051198,0.049975,
7/2/21,2560,2.78607E-07,0.050935,10,0.056551,0.052798,0.051557,0.052597,0.05324,0.051525,0.052687,0.052313,0.051134,
7/2/21,2570,9.8739E-08,0.052523,10,0.057831,0.054287,0.053112,0.054097,0.054705,0.053082,0.054182,0.053828,0.052712,
7/2/21,2580,3.70006E-08,0.053639,10,0.058736,0.055335,0.054205,0.055152,0.055736,0.054176,0.055233,0.054893,0.053821,
7/2/21,2590,1.46423E-08,0.05439,10,0.059249,0.056008,0.05493,0.055833,0.05639,0.054903,0.055911,0.055587,0.054563,
7/2/21,2600,6.10012E-09,0.05447,10,0.059091,0.05601,0.054985,0.055844,0.056374,0.054958,0.055918,0.055609,0.054635,
7/2/21,2610,2.18908E-09,0.053721,10,0.05812,0.055187,0.054211,0.055029,0.055533,0.054186,0.0551,0.054806,0.053878,
7/2/21,2620,1.08869E-09,0.052439,10,0.056284,0.053723,0.052868,0.053585,0.054026,0.052846,0.053646,0.053389,0.052576,
7/2/21,2630,5.81895E-10,0.048653,10,0.051627,0.04965,0.048987,0.049543,0.049885,0.04897,0.049591,0.049391,0.04876,
7/2/21,2640,3.23963E-10,0.043269,10,0.045275,0.043945,0.043496,0.043872,0.044104,0.043484,0.043905,0.04377,0.043342,
7/2/21,2650,1.86048E-10,0.0389,10,0.040687,0.039502,0.039102,0.039438,0.039644,0.039092,0.039467,0.039346,0.038965,
7/2/21,2660,1.0885E-10,0.033938,10,0.036582,0.035683,0.03529,0.035629,0.035797,0.035275,0.035654,0.03555,0.034951,
7/2/21,2670,6.49568E-11,0.03229,10,0.032659,0.032415,0.032332,0.032402,0.032445,0.03233,0.032408,0.032383,0.032303,
7/2/21,2680,3.92331E-11,0.029725,10,0.029199,0.029544,0.029664,0.029563,0.029502,0.029667,0.029555,0.029591,0.029705,
7/2/21,2690,2.39829E-11,0.02116,10,0.020591,0.020964,0.021094,0.020985,0.020919,0.021097,0.020976,0.021015,0.021139,
7/2/21,2700,1.4786E-11,0.016076,10,0.01582,0.015988,0.016046,0.015997,0.015968,0.016048,0.015993,0.016011,0.016067,
7/2/21,2710,2.74466E-11,0.012799,10,0.012572,0.012721,0.012773,0.012729,0.012703,0.012774,0.012726,0.012741,0.012791,
7/2/21,2720,5.22184E-11,0.010567,10,0.010309,0.010478,0.010537,0.010487,0.010457,0.010538,0.010483,0.010501,0.010557,
7/2/21,2730,1.01634E-10,0.008984,10,0.008447,0.008798,0.008921,0.008818,0.008755,0.008925,0.008809,0.008846,0.008964,
7/2/21,2740,2.03324E-10,0.005238,10,0.005047,0.005172,0.005215,0.005179,0.005157,0.005217,0.005176,0.005189,0.005231,
7/2/21,2750,4.2036E-10,0.003926,10,0.003841,0.003897,0.003916,0.0039,0.00389,0.003917,0.003899,0.003904,0.003923,
7/2/21,2760,8.94755E-10,0.00337,10,0.003314,0.00335,0.003363,0.003352,0.003346,0.003363,0.003352,0.003355,0.003368,
7/2/21,2770,1.99075E-09,0.003101,10,0.003072,0.003091,0.003098,0.003092,0.003089,0.003098,0.003091,0.003094,0.0031,
7/2/21,2780,4.61346E-09,0.002956,10,0.002945,0.002952,0.002955,0.002952,0.002951,0.002955,0.002952,0.002953,0.002956,
7/2/21,2790,1.13517E-08,0.002788,10,0.002798,0.002792,0.002789,0.002791,0.002792,0.002789,0.002791,0.002791,0.002789,
7/2/21,2800,2.99149E-08,0.002694,10,0.002724,0.002704,0.002697,0.002703,0.002706,0.002697,0.002703,0.002701,0.002695,
7/2/21,2810,6.13373E-08,0.002643,10,0.002687,0.002658,0.002648,0.002657,0.002662,0.002648,0.002657,0.002654,0.002645,
7/2/21,2820,1.30297E-07,0.002619,10,0.002673,0.002637,0.002625,0.002635,0.002642,0.002625,0.002636,0.002633,0.002621,
7/2/21,2830,2.87583E-07,0.002627,10,0.002695,0.00265,0.002635,0.002648,0.002656,0.002634,0.002649,0.002644,0.002629,
7/2/21,2840,6.65246E-07,0.002682,10,0.00277,0.002713,0.002693,0.002709,0.00272,0.002692,0.002711,0.002705,0.002686,
7/2/21,2850,1.62933E-06,0.002851,10,0.002943,0.002882,0.002861,0.002879,0.00289,0.002861,0.002881,0.002874,0.002854,
7/2/21,2860,4.30765E-06,0.003219,10,0.003293,0.003244,0.003228,0.003242,0.00325,0.003227,0.003243,0.003238,0.003222,
7/2/21,2870,1.25776E-05,0.003756,10,0.003802,0.003772,0.003762,0.00377,0.003776,0.003761,0.003771,0.003768,0.003758,
7/2/21,2880,4.28359E-05,0.004476,10,0.00447,0.004474,0.004475,0.004474,0.004473,0.004475,0.004474,0.004474,0.004475,
7/2/21,2890,0.000185934,0.005209,10,0.005142,0.005186,0.005201,0.005188,0.005181,0.005202,0.005187,0.005192,0.005207,
7/2/21,2900,0.001603475,0.005949,10,0.005828,0.005907,0.005935,0.005912,0.005898,0.005936,0.00591,0.005918,0.005945,
7/2/21,2910,0.001753309,0.006576,10,0.006415,0.006521,0.006558,0.006527,0.006508,0.006559,0.006524,0.006535,0.00657,
7/2/21,2920,0.001914416,0.007141,10,0.006937,0.007071,0.007117,0.007078,0.007054,0.007118,0.007075,0.007089,0.007133,
7/2/21,2930,0.002100924,0.007513,10,0.007293,0.007437,0.007487,0.007445,0.007419,0.007488,0.007441,0.007456,0.007505,
7/2/21,2940,0.002307788,0.007866,10,0.007631,0.007785,0.007839,0.007794,0.007766,0.00784,0.00779,0.007806,0.007857,
7/2/21,2950,0.002557473,0.008075,10,0.00784,0.007994,0.008048,0.008003,0.007975,0.008049,0.007999,0.008015,0.008066,
7/2/21,2960,0.002858955,0.00831,10,0.00807,0.008227,0.008282,0.008236,0.008208,0.008284,0.008232,0.008249,0.008301,
7/2/21,2970,0.003211607,0.008563,10,0.008308,0.008475,0.008533,0.008484,0.008455,0.008535,0.00848,0.008498,0.008553,
7/2/21,2980,0.003632836,0.008852,10,0.008578,0.008757,0.00882,0.008767,0.008735,0.008821,0.008763,0.008782,0.008842,
7/2/21,2990,0.004144478,0.009151,10,0.008853,0.009048,0.009116,0.009059,0.009024,0.009118,0.009054,0.009074,0.00914,
7/2/21,3000,0.004790721,0.009503,10,0.00918,0.009391,0.009465,0.009403,0.009366,0.009467,0.009398,0.00942,0.009491,
7/2/21,3010,0.00475965,0.009857,10,0.009504,0.009735,0.009816,0.009748,0.009706,0.009818,0.009742,0.009766,0.009844,
7/2/21,3020,0.00472359,0.01021,10,0.009822,0.010075,0.010164,0.01009,0.010044,0.010166,0.010083,0.01011,0.010195,
7/2/21,3030,0.004682485,0.010556,10,0.010135,0.01041,0.010507,0.010426,0.010377,0.010509,0.010419,0.010448,0.01054,
7/2/21,3040,0.004631455,0.010896,10,0.010443,0.010739,0.010843,0.010756,0.010703,0.010846,0.010748,0.010779,0.010879,
7/2/21,3050,0.004647925,0.01121,10,0.010729,0.011043,0.011154,0.011061,0.011005,0.011157,0.011053,0.011086,0.011192,
7/2/21,3060,0.004625735,0.011521,10,0.011005,0.011342,0.01146,0.011361,0.011301,0.011464,0.011352,0.011388,0.011502,
7/2/21,3070,0.004583936,0.011571,10,0.011052,0.011391,0.01151,0.01141,0.01135,0.011513,0.011402,0.011437,0.011551,
7/2/21,3080,0.004561605,0.011574,10,0.01106,0.011396,0.011513,0.011414,0.011355,0.011517,0.011406,0.011441,0.011554,
7/2/21,3090,0.004504733,0.011385,10,0.010903,0.011218,0.011329,0.011236,0.01118,0.011331,0.011228,0.011261,0.011367,
7/2/21,3100,0.004452573,0.011213,10,0.010762,0.011057,0.01116,0.011073,0.011021,0.011163,0.011066,0.011097,0.011196,
7/2/21,3110,0.004424188,0.010949,10,0.010532,0.010805,0.0109,0.01082,0.010771,0.010903,0.010813,0.010842,0.010934,
7/2/21,3120,0.0044846,0.010724,10,0.010333,0.010588,0.010678,0.010603,0.010557,0.01068,0.010596,0.010623,0.010709,
7/2/21,3130,0.004608989,0.010552,10,0.010181,0.010423,0.010508,0.010437,0.010394,0.010511,0.010431,0.010456,0.010538,
7/2/21,3140,0.004738468,0.010409,10,0.010055,0.010287,0.010368,0.0103,0.010258,0.01037,0.010294,0.010318,0.010396,
7/2/21,3150,0.004881098,0.010257,10,0.009922,0.010141,0.010218,0.010153,0.010114,0.01022,0.010148,0.010171,0.010245,
7/2/21,3160,0.005067038,0.010132,10,0.009808,0.01002,0.010094,0.010032,0.009994,0.010096,0.010027,0.010049,0.01012,
7/2/21,3170,0.005282336,0.009941,10,0.009636,0.009836,0.009906,0.009847,0.009811,0.009907,0.009842,0.009863,0.00993,
7/2/21,3180,0.005510767,0.009779,10,0.009489,0.009678,0.009745,0.009689,0.009655,0.009747,0.009684,0.009704,0.009768,
7/2/21,3190,0.005790262,0.009542,10,0.009279,0.009451,0.009511,0.009461,0.00943,0.009513,0.009456,0.009474,0.009532,
7/2/21,3200,0.006084909,0.00933,10,0.00909,0.009247,0.009302,0.009256,0.009228,0.009303,0.009252,0.009268,0.009321,
7/2/21,3210,0.005898635,0.009083,10,0.008873,0.00901,0.009059,0.009018,0.008994,0.00906,0.009015,0.009029,0.009076,
7/2/21,3220,0.005692442,0.008851,10,0.008667,0.008787,0.008829,0.008794,0.008773,0.00883,0.008791,0.008803,0.008844,
7/2/21,3230,0.005538574,0.008641,10,0.008485,0.008587,0.008623,0.008593,0.008575,0.008624,0.008591,0.008601,0.008636,
7/2/21,3240,0.005377506,0.008437,10,0.008311,0.008393,0.008422,0.008398,0.008383,0.008423,0.008396,0.008404,0.008432,
7/2/21,3250,0.005230027,0.00826,10,0.008167,0.008227,0.008249,0.008231,0.00822,0.008249,0.008229,0.008236,0.008256,
7/2/21,3260,0.005061523,0.008088,10,0.008032,0.008068,0.008081,0.00807,0.008064,0.008081,0.008069,0.008073,0.008086,
7/2/21,3270,0.004912687,0.0079,10,0.007887,0.007895,0.007898,0.007896,0.007894,0.007898,0.007896,0.007896,0.007899,
7/2/21,3280,0.004769368,0.00771,10,0.007751,0.007724,0.007714,0.007722,0.007727,0.007714,0.007723,0.00772,0.007711,
7/2/21,3290,0.004637559,0.007536,10,0.007644,0.007574,0.007549,0.00757,0.007582,0.007548,0.007571,0.007564,0.00754,
7/2/21,3300,0.004479111,0.007372,10,0.007566,0.007439,0.007395,0.007432,0.007454,0.007394,0.007435,0.007422,0.007379,
7/2/21,3310,0.00468551,0.007216,10,0.007518,0.00732,0.007251,0.007309,0.007344,0.00725,0.007314,0.007293,0.007228,
7/2/21,3320,0.00486979,0.00707,10,0.00745,0.0072,0.007114,0.007186,0.007231,0.007112,0.007193,0.007167,0.007084,
7/2/21,3330,0.005102123,0.006924,10,0.007396,0.007086,0.006979,0.007069,0.007123,0.006976,0.007076,0.007044,0.006941,
7/2/21,3340,0.005368413,0.00678,10,0.007359,0.006978,0.006847,0.006957,0.007025,0.006843,0.006967,0.006927,0.006801,
7/2/21,3350,0.005650748,0.006636,10,0.007342,0.006878,0.006717,0.006852,0.006934,0.006713,0.006863,0.006815,0.006662,
7/2/21,3360,0.005990324,0.006494,10,0.007321,0.006776,0.006589,0.006746,0.006842,0.006584,0.00676,0.006704,0.006524,
7/2/21,3370,0.006393438,0.006351,10,0.007288,0.006671,0.006459,0.006637,0.006745,0.006453,0.006652,0.006589,0.006386,
7/2/21,3380,0.006881845,0.006213,10,0.007271,0.006573,0.006334,0.006535,0.006657,0.006328,0.006552,0.00648,0.006252,
7/2/21,3390,0.007503742,0.006076,10,0.007267,0.006481,0.006212,0.006438,0.006576,0.006205,0.006457,0.006377,0.00612,
7/2/21,3400,0.008254776,0.005943,10,0.007284,0.006398,0.006096,0.00635,0.006505,0.006088,0.006371,0.006281,0.005992,
7/2/21,3410,0.00843243,0.005815,10,0.007296,0.006317,0.005983,0.006263,0.006434,0.005975,0.006287,0.006187,0.005869,
7/2/21,3420,0.008610375,0.005688,10,0.007319,0.006239,0.005873,0.00618,0.006369,0.005864,0.006207,0.006097,0.005748,
7/2/21,3430,0.008789803,0.005567,10,0.007363,0.006173,0.00577,0.006108,0.006315,0.00576,0.006137,0.006016,0.005633,
7/2/21,3440,0.009017247,0.005447,10,0.007424,0.006112,0.00567,0.006041,0.006269,0.005659,0.006073,0.00594,0.005519,
7/2/21,3450,0.009238336,0.005333,10,0.007509,0.006063,0.005577,0.005985,0.006235,0.005565,0.00602,0.005874,0.005412,
7/2/21,3460,0.009536254,0.005221,10,0.007594,0.006016,0.005487,0.00593,0.006203,0.005473,0.005968,0.005809,0.005307,
7/2/21,3470,0.00985928,0.005115,10,0.007657,0.005964,0.005399,0.005873,0.006165,0.005385,0.005914,0.005744,0.005206,
7/2/21,3480,0.010203552,0.005016,10,0.007739,0.005923,0.005319,0.005825,0.006138,0.005303,0.005869,0.005687,0.005113,
7/2/21,3490,0.010667353,0.004924,10,0.007842,0.005894,0.005247,0.005789,0.006123,0.005231,0.005836,0.005641,0.005028,
7/2/21,3500,0.011256117,0.00484,10,0.007968,0.005877,0.005185,0.005764,0.006123,0.005168,0.005815,0.005606,0.00495,
7/2/21,3510,0.011194596,0.004767,10,0.008082,0.005863,0.005132,0.005745,0.006124,0.005114,0.005798,0.005577,0.004884,
7/2/21,3520,0.011093865,0.004707,10,0.008187,0.005856,0.00509,0.005731,0.006129,0.00507,0.005787,0.005556,0.00483,
7/2/21,3530,0.01105359,0.004662,10,0.008315,0.005866,0.005063,0.005735,0.006152,0.005042,0.005793,0.005551,0.004791,
7/2/21,3540,0.011014433,0.004639,10,0.008474,0.0059,0.005058,0.005763,0.0062,0.005037,0.005824,0.00557,0.004773,
7/2/21,3550,0.010956532,0.004625,10,0.008652,0.005946,0.005064,0.005802,0.006261,0.005042,0.005867,0.0056,0.004766,
7/2/21,3560,0.01085981,0.004638,10,0.008817,0.006006,0.005092,0.005857,0.006333,0.005069,0.005924,0.005648,0.004784,
7/2/21,3570,0.010805541,0.004657,10,0.008969,0.006067,0.005125,0.005913,0.006404,0.005101,0.005982,0.005697,0.004807,
7/2/21,3580,0.010713504,0.00468,10,0.00913,0.006133,0.005162,0.005974,0.00648,0.005137,0.006045,0.005752,0.004834,
7/2/21,3590,0.010666617,0.004727,10,0.00932,0.006224,0.005223,0.00606,0.006582,0.005197,0.006133,0.005831,0.004886,
7/2/21,3600,0.01062721,0.004802,10,0.009544,0.006345,0.005313,0.006176,0.006715,0.005287,0.006252,0.00594,0.004965,
7/2/21,3610,0.010527078,0.004911,10,0.00976,0.006488,0.005433,0.006316,0.006866,0.005407,0.006392,0.006074,0.005079,
7/2/21,3620,0.010468287,0.005064,10,0.010006,0.00667,0.005596,0.006494,0.007055,0.005569,0.006573,0.006248,0.005234,
7/2/21,3630,0.010409589,0.005251,10,0.010289,0.006886,0.005792,0.006707,0.007279,0.005764,0.006787,0.006456,0.005424,
7/2/21,3640,0.010351008,0.005291,10,0.010422,0.006955,0.005842,0.006773,0.007355,0.005814,0.006854,0.006518,0.005467,
7/2/21,3650,0.010271697,0.005341,10,0.010564,0.007033,0.005901,0.006848,0.00744,0.005872,0.006931,0.006588,0.00552,
7/2/21,3660,0.010213394,0.0054,10,0.010697,0.007115,0.005967,0.006927,0.007527,0.005938,0.007011,0.006664,0.005581,
7/2/21,3670,0.010113353,0.005468,10,0.010835,0.007205,0.006043,0.007015,0.007622,0.006013,0.007099,0.006748,0.005652,
7/2/21,3680,0.010013372,0.005548,10,0.010983,0.007305,0.006129,0.007113,0.007728,0.006099,0.007199,0.006843,0.005734,
7/2/21,3690,0.0099346,0.005638,10,0.011144,0.007417,0.006226,0.007223,0.007846,0.006196,0.00731,0.006949,0.005826,
7/2/21,3700,0.009834983,0.005741,10,0.011318,0.007542,0.006336,0.007345,0.007976,0.006305,0.007433,0.007068,0.005931,
7/2/21,3710,0.009779458,0.005856,10,0.011474,0.007669,0.006455,0.007471,0.008106,0.006424,0.00756,0.007192,0.006047,
7/2/21,3720,0.009724224,0.005984,10,0.011628,0.007806,0.006586,0.007607,0.008245,0.006555,0.007696,0.007326,0.006176,
7/2/21,3730,0.009669309,0.006126,10,0.011797,0.007957,0.006731,0.007756,0.008398,0.0067,0.007846,0.007475,0.00632,
7/2/21,3740,0.009550511,0.00621,10,0.011904,0.008047,0.006817,0.007846,0.00849,0.006786,0.007936,0.007563,0.006404,
7/2/21,3750,0.009474656,0.00613,10,0.011836,0.007971,0.006738,0.007769,0.008415,0.006707,0.007859,0.007486,0.006324,
7/2/21,3760,0.009420653,0.006054,10,0.011762,0.007895,0.006662,0.007694,0.008339,0.006631,0.007784,0.00741,0.006248,
7/2/21,3770,0.009410413,0.00598,10,0.011681,0.007819,0.006587,0.007617,0.008262,0.006556,0.007707,0.007334,0.006174,
7/2/21,3780,0.009314204,0.005908,10,0.0116,0.007743,0.006514,0.007542,0.008186,0.006483,0.007632,0.00726,0.006101,
7/2/21,3790,0.009261907,0.005726,10,0.011404,0.007557,0.006331,0.007356,0.007998,0.0063,0.007446,0.007074,0.005919,
7/2/21,3800,0.009210352,0.005556,10,0.011219,0.007381,0.006159,0.007181,0.007822,0.006128,0.007271,0.0069,0.005749,
7/2/21,3810,0.008994452,0.005397,10,0.011041,0.007216,0.005998,0.007017,0.007655,0.005967,0.007106,0.006737,0.005589,
7/2/21,3820,0.008850897,0.005247,10,0.010866,0.007058,0.005845,0.00686,0.007495,0.005815,0.006948,0.006581,0.005439,
7/2/21,3830,0.008774378,0.005107,10,0.010696,0.006908,0.005702,0.006711,0.007342,0.005671,0.006799,0.006433,0.005297,
7/2/21,3840,0.008669471,0.004975,10,0.010536,0.006767,0.005567,0.00657,0.007199,0.005536,0.006658,0.006295,0.005164,
7/2/21,3850,0.008575235,0.00485,10,0.010389,0.006635,0.00544,0.00644,0.007066,0.00541,0.006527,0.006165,0.005039,
7/2/21,3860,0.008466663,0.004707,10,0.010207,0.006479,0.005292,0.006285,0.006907,0.005262,0.006372,0.006012,0.004894,
7/2/21,3870,0.008392301,0.004568,10,0.010027,0.006327,0.005149,0.006134,0.006752,0.005119,0.00622,0.005864,0.004753,
7/2/21,3880,0.00833162,0.004439,10,0.009866,0.006188,0.005017,0.005997,0.00661,0.004987,0.006082,0.005728,0.004624,
7/2/21,3890,0.008299915,0.00432,10,0.009712,0.006058,0.004894,0.005868,0.006477,0.004865,0.005953,0.0056,0.004504,
7/2/21,3900,0.008278121,0.004209,10,0.009565,0.005936,0.00478,0.005747,0.006352,0.00475,0.005831,0.005481,0.004392,
7/2/21,3910,0.008269664,0.004107,10,0.009425,0.005821,0.004673,0.005634,0.006235,0.004644,0.005717,0.00537,0.004288,
7/2/21,3920,0.008234924,0.004011,10,0.009291,0.005713,0.004573,0.005527,0.006124,0.004544,0.00561,0.005265,0.00419,
7/2/21,3930,0.008208908,0.003921,10,0.009162,0.005612,0.00448,0.005426,0.006019,0.004451,0.005509,0.005166,0.0041,
7/2/21,3940,0.008185653,0.003837,10,0.009041,0.005516,0.004392,0.005332,0.005921,0.004363,0.005414,0.005074,0.004015,
7/2/21,3950,0.008148055,0.003759,10,0.008925,0.005426,0.00431,0.005243,0.005828,0.004281,0.005325,0.004987,0.003935,
7/2/21,3960,0.008135033,0.003685,10,0.008814,0.00534,0.004232,0.005159,0.005739,0.004204,0.00524,0.004904,0.00386,
7/2/21,3970,0.008132922,0.003616,10,0.008696,0.005256,0.004158,0.005076,0.005651,0.00413,0.005156,0.004824,0.003789,
7/2/21,3980,0.008131014,0.003546,10,0.008578,0.005171,0.004083,0.004993,0.005563,0.004056,0.005073,0.004743,0.003718,
7/2/21,3990,0.008157998,0.003479,10,0.008464,0.005089,0.004011,0.004913,0.005477,0.003984,0.004992,0.004665,0.003649,
7/2/21,4000,0.008394537,0.003416,10,0.008355,0.005012,0.003944,0.004838,0.005397,0.003917,0.004916,0.004592,0.003585,
7/30/21,280,0.043250987,0.987984,10,0.919236,0.915649,0.805031,0.861758,0.849692,0.665076,0.684329,0.75552,0.851923,0.864678
7/30/21,290,0.180435078,0.98869,10,0.917948,0.914295,0.803029,0.860282,0.848093,0.661774,0.681278,0.75385,0.850466,0.863683
7/30/21,300,0.004040158,0.988805,10,0.916616,0.912903,0.80111,0.858842,0.846542,0.658641,0.678386,0.752287,0.84906,0.862722
7/30/21,310,0.100635145,0.989054,10,0.915337,0.911566,0.799294,0.857482,0.845075,0.655671,0.675648,0.750835,0.847736,0.861833
7/30/21,320,0.263109583,0.989215,10,0.914109,0.910282,0.79757,0.856184,0.843678,0.652853,0.673053,0.749484,0.846479,0.861
7/30/21,330,0.504714745,0.989695,10,0.912891,0.909006,0.795939,0.854965,0.842362,0.650171,0.670589,0.748227,0.8453,0.860236
7/30/21,340,0.539351309,0.989992,10,0.911712,0.907773,0.794391,0.853799,0.841107,0.647632,0.668257,0.747061,0.84418,0.859518
7/30/21,350,0.605177015,0.990309,10,0.910565,0.906573,0.792914,0.852685,0.839908,0.64521,0.666036,0.745964,0.843114,0.858843
7/30/21,360,0.625800138,0.990848,10,0.902311,0.89796,0.791438,0.848347,0.837163,0.640272,0.657459,0.741785,0.839242,0.856789
7/30/21,370,0.768952919,0.991148,10,0.884116,0.878999,0.790162,0.841565,0.831844,0.631,0.644253,0.737147,0.833828,0.854217
7/30/21,380,0.754202348,0.991234,10,0.871276,0.865631,0.786222,0.837295,0.826554,0.620776,0.636118,0.735125,0.830504,0.852674
7/30/21,390,0.760322977,0.99156,10,0.862026,0.856008,0.783253,0.83483,0.822854,0.613261,0.631467,0.734221,0.828673,0.851903
7/30/21,400,1.111426139,0.991752,10,0.855367,0.849083,0.779285,0.833157,0.819959,0.606818,0.628367,0.733666,0.827353,0.851347
7/30/21,410,1.297743301,0.991862,10,0.85163,0.845198,0.777854,0.831986,0.818076,0.602059,0.626074,0.733153,0.826087,0.85081
7/30/21,420,1.354726306,0.992252,10,0.848893,0.842352,0.773496,0.83128,0.816973,0.598957,0.624927,0.732844,0.825193,0.85042
7/30/21,430,1.241679464,0.992247,10,0.847212,0.840606,0.768943,0.831008,0.81658,0.597771,0.624563,0.732701,0.824857,0.850262
7/30/21,440,1.479069764,0.992026,10,0.84643,0.839794,0.765993,0.830887,0.816472,0.597472,0.624439,0.732603,0.824692,0.850168
7/30/21,450,1.638999089,0.991928,10,0.846173,0.839527,0.765227,0.830801,0.816397,0.597319,0.624312,0.73248,0.824607,0.850091
7/30/21,460,1.698484318,0.991683,10,0.846074,0.839425,0.765022,0.830739,0.816347,0.597252,0.624314,0.733062,0.824903,0.850176
7/30/21,470,1.680093188,0.991369,10,0.846006,0.839357,0.764944,0.830662,0.816289,0.59712,0.624203,0.733896,0.82478,0.850039
7/30/21,480,1.72920695,0.990789,10,0.845943,0.839293,0.764863,0.830575,0.816191,0.59695,0.623959,0.733115,0.824512,0.8499
7/30/21,490,1.612601562,0.99047,10,0.845898,0.839248,0.764731,0.830501,0.81608,0.596781,0.623869,0.733058,0.824631,0.84996
7/30/21,500,1.643577218,0.98989,10,0.845802,0.839151,0.764629,0.830397,0.815968,0.596697,0.623761,0.732932,0.824748,0.850122
7/30/21,510,1.655858802,0.989155,10,0.845672,0.83902,0.764509,0.830232,0.815759,0.596343,0.623384,0.732442,0.824479,0.849939
7/30/21,520,1.56880639,0.988451,10,0.845543,0.83889,0.764382,0.830095,0.815665,0.597694,0.624677,0.734531,0.826044,0.851199
7/30/21,530,1.617477114,0.987661,10,0.845361,0.838706,0.764273,0.829994,0.81597,0.604182,0.630801,0.738762,0.829245,0.853775
7/30/21,540,1.609450625,0.986752,10,0.845193,0.838537,0.764653,0.830246,0.817624,0.617775,0.64362,0.746729,0.835396,0.858592
7/30/21,550,1.614477685,0.985635,10,0.845378,0.838736,0.76731,0.832264,0.823206,0.64168,0.665925,0.75938,0.845746,0.866247
7/30/21,560,1.582378032,0.984442,10,0.847802,0.841265,0.775577,0.838958,0.83482,0.673384,0.696726,0.776654,0.859594,0.8761
7/30/21,570,1.579932082,0.983142,10,0.856549,0.850372,0.791438,0.852025,0.851091,0.705585,0.728893,0.79493,0.87403,0.886094
7/30/21,580,1.571528553,0.981941,10,0.872421,0.866903,0.80956,0.866828,0.866589,0.729603,0.750387,0.802245,0.882211,0.890572
7/30/21,590,1.519012507,0.980577,10,0.892701,0.88806,0.82588,0.876565,0.879027,0.745881,0.751969,0.790648,0.879697,0.886673
7/30/21,600,1.520896437,0.979153,10,0.913631,0.909946,0.83063,0.883106,0.881649,0.740904,0.75184,0.788255,0.878445,0.88412
7/30/21,610,1.508968464,0.978668,10,0.931996,0.929191,0.835248,0.888506,0.88461,0.741655,0.754996,0.789373,0.879416,0.884209
7/30/21,620,1.484394023,0.976632,10,0.958263,0.956954,0.850927,0.889374,0.895743,0.761661,0.748437,0.776771,0.874156,0.880263
7/30/21,630,1.474472898,0.974239,10,0.973325,0.973326,0.855883,0.8819,0.898878,0.767385,0.730232,0.761567,0.864146,0.872635
7/30/21,640,1.458527845,0.972065,10,0.971075,0.971077,0.835677,0.880033,0.883506,0.734543,0.727066,0.763742,0.863332,0.871146
7/30/21,650,1.425837229,0.970282,10,0.969231,0.969233,0.787943,0.870395,0.84374,0.652796,0.707272,0.772255,0.857489,0.863973
7/30/21,660,1.380513935,0.967813,10,0.966676,0.966678,0.778056,0.863638,0.83403,0.634414,0.69406,0.769078,0.851683,0.859394
7/30/21,670,1.398723481,0.966006,10,0.964807,0.964809,0.823792,0.84635,0.873625,0.715915,0.659357,0.731765,0.831536,0.850221
7/30/21,680,1.317999645,0.964527,10,0.963276,0.963279,0.89028,0.837729,0.921137,0.82661,0.642694,0.728973,0.825062,0.847125
7/30/21,690,1.263822752,0.962402,10,0.961079,0.961081,0.929436,0.852756,0.94485,0.895559,0.673689,0.732739,0.835614,0.85276
7/30/21,700,1.259047299,0.959747,10,0.958332,0.958335,0.945723,0.91454,0.952438,0.929879,0.814728,0.811187,0.900302,0.904355
7/30/21,710,1.289374599,0.956019,10,0.954473,0.954475,0.954513,0.939748,0.954485,0.957535,0.892205,0.882914,0.934329,0.935653
7/30/21,720,1.118812993,0.952803,10,0.951148,0.951151,0.951194,0.943077,0.951162,0.954444,0.913016,0.905974,0.941087,0.941868
7/30/21,730,1.116063079,0.950647,10,0.948916,0.948918,0.948959,0.944816,0.948929,0.952332,0.928458,0.92359,0.945224,0.945632
7/30/21,740,1.190242201,0.94848,10,0.946671,0.946674,0.946711,0.945302,0.946683,0.950204,0.941158,0.938855,0.947618,0.94775
7/30/21,750,1.195068199,0.944769,10,0.942833,0.942836,0.942876,0.94284,0.942846,0.946609,0.946562,0.94643,0.946368,0.946357
7/30/21,760,1.182776549,0.940026,10,0.937934,0.937937,0.937985,0.937941,0.937949,0.942055,0.941999,0.941839,0.941764,0.94175
7/30/21,770,1.047008273,0.934705,10,0.932436,0.93244,0.932496,0.932445,0.932454,0.936935,0.936869,0.936683,0.936595,0.93658
7/30/21,780,1.130930043,0.928842,10,0.92638,0.926384,0.926449,0.92639,0.926401,0.931294,0.931218,0.931001,0.9309,0.930881
7/30/21,790,1.095561607,0.923778,10,0.921151,0.921155,0.921227,0.921162,0.921174,0.926417,0.926333,0.926092,0.925979,0.925959
7/30/21,800,1.064341864,0.919401,10,0.916631,0.916637,0.916716,0.916644,0.916657,0.92221,0.922116,0.921851,0.921726,0.921704
7/30/21,810,0.974298424,0.916577,10,0.913715,0.91372,0.913803,0.913728,0.913742,0.91948,0.919383,0.919109,0.91898,0.918957
7/30/21,820,0.913606908,0.915934,10,0.913052,0.913057,0.91314,0.913065,0.913079,0.918861,0.918763,0.918486,0.918356,0.918332
7/30/21,830,0.923612277,0.915351,10,0.912448,0.912453,0.912534,0.91246,0.912474,0.918279,0.918183,0.917913,0.917786,0.917763
7/30/21,840,0.962680022,0.914744,10,0.91182,0.911825,0.911904,0.911832,0.911845,0.917676,0.917583,0.917318,0.917193,0.917171
7/30/21,850,0.915536412,0.910716,10,0.907659,0.907664,0.907745,0.907672,0.907685,0.913767,0.913672,0.913401,0.913274,0.913251
7/30/21,860,0.949052588,0.902884,10,0.899575,0.899581,0.899669,0.899589,0.899603,0.906195,0.906091,0.905795,0.905656,0.905631
7/30/21,870,0.903269305,0.894655,10,0.891083,0.89109,0.891187,0.891099,0.891115,0.898242,0.898127,0.897802,0.897649,0.897622
7/30/21,880,0.901411195,0.883816,10,0.879903,0.879911,0.88002,0.879921,0.879939,0.88777,0.887641,0.887274,0.887101,0.88707
7/30/21,890,0.770026878,0.873607,10,0.869379,0.869386,0.869507,0.869397,0.869417,0.8779,0.877757,0.877353,0.877164,0.877129
7/30/21,900,0.706792176,0.867292,10,0.862869,0.862877,0.863004,0.862889,0.86291,0.871786,0.871637,0.871212,0.871013,0.870977
7/30/21,910,0.689156547,0.864057,10,0.859532,0.859541,0.859665,0.859552,0.859573,0.868622,0.868474,0.868055,0.867858,0.867822
7/30/21,920,0.686404708,0.861416,10,0.856809,0.856817,0.856943,0.856829,0.85685,0.866051,0.865902,0.865481,0.865283,0.865247
7/30/21,930,0.501811607,0.856799,10,0.852045,0.852053,0.852171,0.852064,0.852083,0.861497,0.861357,0.860961,0.860774,0.860741
7/30/21,940,0.39037972,0.85307,10,0.848188,0.848195,0.848294,0.848204,0.84822,0.857722,0.857605,0.857274,0.857118,0.85709
7/30/21,950,0.421540398,0.84822,10,0.843177,0.843182,0.843261,0.843189,0.843202,0.852852,0.852759,0.852493,0.852368,0.852345
7/30/21,960,0.525634573,0.837212,10,0.831838,0.831843,0.831923,0.83185,0.831863,0.842119,0.842024,0.841755,0.841629,0.841606
7/30/21,970,0.643834319,0.82157,10,0.815745,0.815751,0.815851,0.81576,0.815777,0.826988,0.82687,0.826535,0.826378,0.82635
7/30/21,980,0.669599595,0.806012,10,0.799753,0.799761,0.799883,0.799772,0.799792,0.811956,0.811811,0.811399,0.811206,0.811171
7/30/21,990,0.690963571,0.790737,10,0.784066,0.784076,0.784226,0.78409,0.784115,0.797232,0.797053,0.796545,0.796307,0.796264
7/30/21,1000,0.695866195,0.774173,10,0.767064,0.767076,0.767254,0.767092,0.767122,0.781233,0.781021,0.78042,0.780137,0.780086
7/30/21,1010,0.682123491,0.754471,10,0.746859,0.746872,0.747081,0.746892,0.746926,0.762177,0.761928,0.761223,0.760891,0.760832
7/30/21,1020,0.666161163,0.737924,10,0.7299,0.729915,0.730146,0.729936,0.729975,0.74614,0.745864,0.745081,0.744713,0.744646
7/30/21,1030,0.657202099,0.730954,10,0.722763,0.722779,0.723023,0.722801,0.722842,0.739408,0.739116,0.738287,0.737898,0.737828
7/30/21,1040,0.647368607,0.729809,10,0.721594,0.72161,0.721862,0.721633,0.721675,0.738336,0.738036,0.737184,0.736783,0.736711
7/30/21,1050,0.632800806,0.735115,10,0.727032,0.727049,0.727299,0.727072,0.727113,0.743526,0.743226,0.742378,0.74198,0.741908
7/30/21,1060,0.618654389,0.745555,10,0.737734,0.73775,0.737995,0.737773,0.737813,0.753706,0.753414,0.752587,0.752198,0.752128
7/30/21,1070,0.600615802,0.755484,10,0.747916,0.747931,0.748168,0.747953,0.747992,0.763369,0.763087,0.762286,0.76191,0.761842
7/30/21,1080,0.543191384,0.762759,10,0.755376,0.755391,0.755618,0.755412,0.755449,0.770416,0.770146,0.769379,0.769019,0.768954
7/30/21,1090,0.507537994,0.765977,10,0.758674,0.758689,0.758906,0.758708,0.758744,0.773499,0.77324,0.772505,0.772159,0.772097
7/30/21,1100,0.485502809,0.768227,10,0.760985,0.760999,0.761216,0.761019,0.761055,0.775699,0.77544,0.774706,0.77436,0.774298
7/30/21,1110,0.260206892,0.768212,10,0.760968,0.760982,0.761197,0.761001,0.761037,0.775669,0.775412,0.774685,0.774343,0.774282
7/30/21,1120,0.181793561,0.765612,10,0.758295,0.758309,0.75852,0.758328,0.758363,0.773093,0.772842,0.77213,0.771796,0.771735
7/30/21,1130,0.233011093,0.759127,10,0.751633,0.751647,0.751851,0.751665,0.751699,0.766704,0.76646,0.765769,0.765444,0.765385
7/30/21,1140,0.222973275,0.74868,10,0.740907,0.740919,0.741115,0.740937,0.74097,0.756412,0.756179,0.755519,0.755209,0.755153
7/30/21,1150,0.251808777,0.743386,10,0.735458,0.735469,0.735635,0.735484,0.735512,0.751025,0.750827,0.750264,0.749999,0.749951
7/30/21,1160,0.362472515,0.726496,10,0.718135,0.718145,0.718302,0.71816,0.718186,0.734414,0.734227,0.733696,0.733446,0.733401
7/30/21,1170,0.416198788,0.697707,10,0.688676,0.688689,0.68888,0.688706,0.688738,0.706444,0.706214,0.705563,0.705257,0.705202
7/30/21,1180,0.414902835,0.670047,10,0.660412,0.660427,0.660651,0.660447,0.660484,0.679536,0.679266,0.678502,0.678142,0.678077
7/30/21,1190,0.421677788,0.644183,10,0.634016,0.634032,0.63428,0.634055,0.634096,0.654298,0.653999,0.653151,0.652753,0.652681
7/30/21,1200,0.424177364,0.621586,10,0.61099,0.611008,0.611285,0.611033,0.611079,0.632288,0.631953,0.631003,0.630556,0.630476
7/30/21,1210,0.419986171,0.591794,10,0.58067,0.580691,0.580998,0.580719,0.580769,0.60317,0.602798,0.601743,0.601247,0.601158
7/30/21,1220,0.420233151,0.561488,10,0.549879,0.5499,0.55023,0.54993,0.549985,0.573455,0.573054,0.571917,0.571383,0.571287
7/30/21,1230,0.419403785,0.541667,10,0.529775,0.529797,0.530147,0.529829,0.529887,0.554035,0.553608,0.552399,0.551832,0.55173
7/30/21,1240,0.430544991,0.529031,10,0.51697,0.516994,0.517354,0.517027,0.517086,0.541626,0.541187,0.53994,0.539355,0.53925
7/30/21,1250,0.414646669,0.519383,10,0.507201,0.507225,0.507593,0.507259,0.50732,0.532148,0.531697,0.530422,0.529823,0.529715
7/30/21,1260,0.399374344,0.515011,10,0.502778,0.502802,0.503175,0.502836,0.502898,0.527861,0.527404,0.526111,0.525503,0.525394
7/30/21,1270,0.387058176,0.512339,10,0.500072,0.500097,0.50047,0.500131,0.500193,0.525219,0.524762,0.523467,0.522859,0.52275
7/30/21,1280,0.380798786,0.51352,10,0.501269,0.501293,0.501667,0.501328,0.501389,0.52639,0.525933,0.524637,0.524029,0.52392
7/30/21,1290,0.39295204,0.516618,10,0.504402,0.504426,0.504795,0.50446,0.504521,0.529421,0.528969,0.527689,0.527088,0.52698
7/30/21,1300,0.356334434,0.518443,10,0.506247,0.506271,0.506635,0.506304,0.506365,0.531188,0.530743,0.529481,0.528889,0.528782
7/30/21,1310,0.336155258,0.520336,10,0.508157,0.50818,0.508533,0.508213,0.508271,0.532979,0.532548,0.531324,0.53075,0.530646
7/30/21,1320,0.320561396,0.52183,10,0.509666,0.509689,0.510034,0.50972,0.509777,0.534399,0.533977,0.532781,0.53222,0.532119
7/30/21,1330,0.160910283,0.522213,10,0.510048,0.510069,0.510405,0.5101,0.510156,0.534706,0.534296,0.533134,0.532589,0.53249
7/30/21,1340,0.109262331,0.522815,10,0.510645,0.510666,0.510982,0.510695,0.510747,0.53516,0.534774,0.533679,0.533165,0.533072
7/30/21,1350,0.08029174,0.519531,10,0.507296,0.507315,0.507598,0.507341,0.507387,0.531671,0.531325,0.530344,0.529884,0.529801
7/30/21,1360,0.0419685,0.516419,10,0.50413,0.504147,0.504409,0.504171,0.504215,0.528431,0.528112,0.527208,0.526783,0.526707
7/30/21,1370,0.025023558,0.512518,10,0.50017,0.500186,0.500431,0.500209,0.500249,0.524454,0.524155,0.523306,0.522907,0.522836
7/30/21,1380,0.015939173,0.504946,10,0.492479,0.492492,0.492695,0.49251,0.492544,0.516653,0.516406,0.515702,0.515371,0.515312
7/30/21,1390,0.010653573,0.4928,10,0.480157,0.480166,0.480312,0.48018,0.480204,0.504209,0.504031,0.503525,0.503287,0.503244
7/30/21,1400,0.010311617,0.474778,10,0.4619,0.461905,0.461974,0.461911,0.461923,0.485788,0.485703,0.485462,0.485348,0.485328
7/30/21,1410,0.014585542,0.411437,10,0.398092,0.398094,0.398131,0.398098,0.398104,0.422605,0.422561,0.422434,0.422374,0.422364
7/30/21,1420,0.021671647,0.317802,10,0.30453,0.304537,0.30465,0.304548,0.304566,0.329602,0.32946,0.329057,0.328868,0.328833
7/30/21,1430,0.03404833,0.230275,10,0.218031,0.218044,0.218238,0.218062,0.218094,0.241988,0.241738,0.241029,0.240696,0.240636
7/30/21,1440,0.059813429,0.167221,10,0.156499,0.156514,0.156739,0.156535,0.156572,0.178031,0.177733,0.17689,0.176494,0.176423
7/30/21,1450,0.08429316,0.125666,10,0.116444,0.116459,0.116685,0.11648,0.116517,0.135318,0.135011,0.134142,0.133736,0.133663
7/30/21,1460,0.110435607,0.091779,10,0.084178,0.084192,0.084406,0.084211,0.084247,0.100042,0.099744,0.098903,0.098509,0.098439
7/30/21,1470,0.118368232,0.067114,10,0.060989,0.061002,0.061199,0.06102,0.061052,0.074052,0.07377,0.072975,0.072603,0.072537
7/30/21,1480,0.125243606,0.050685,10,0.04572,0.045732,0.045916,0.045749,0.045779,0.05656,0.056293,0.05554,0.055188,0.055125
7/30/21,1490,0.159641539,0.041606,10,0.037358,0.037369,0.037544,0.037385,0.037414,0.046823,0.046565,0.045838,0.045499,0.045438
7/30/21,1500,0.20920539,0.038352,10,0.034374,0.034385,0.034559,0.034401,0.03443,0.043331,0.043075,0.042352,0.042014,0.041953
7/30/21,1510,0.226869961,0.040261,10,0.036127,0.036138,0.036317,0.036155,0.036184,0.045417,0.045153,0.044411,0.044064,0.044002
7/30/21,1520,0.267405567,0.04289,10,0.038543,0.038555,0.038739,0.038572,0.038602,0.048271,0.048001,0.047237,0.046881,0.046817
7/30/21,1530,0.26495708,0.045563,10,0.041004,0.041016,0.041205,0.041033,0.041064,0.051163,0.050886,0.050104,0.049739,0.049674
7/30/21,1540,0.262952271,0.049342,10,0.044491,0.044504,0.0447,0.044522,0.044554,0.055242,0.054956,0.05415,0.053774,0.053706
7/30/21,1550,0.251153992,0.053877,10,0.048688,0.048702,0.048905,0.04872,0.048754,0.060121,0.059826,0.058992,0.058602,0.058532
7/30/21,1560,0.243961701,0.059014,10,0.053458,0.053471,0.053683,0.053491,0.053526,0.065628,0.065323,0.06446,0.064057,0.063985
7/30/21,1570,0.243281534,0.064916,10,0.058957,0.058972,0.059193,0.058992,0.059028,0.071938,0.071621,0.070727,0.070309,0.070234
7/30/21,1580,0.240514788,0.071972,10,0.065556,0.065571,0.065803,0.065592,0.065631,0.079453,0.079123,0.078193,0.077759,0.077681
7/30/21,1590,0.233546701,0.080198,10,0.073282,0.073298,0.073541,0.07332,0.07336,0.088179,0.087836,0.086868,0.086416,0.086335
7/30/21,1600,0.230371046,0.086406,10,0.079134,0.07915,0.079403,0.079173,0.079215,0.094752,0.094398,0.093398,0.092931,0.092848
7/30/21,1610,0.22276293,0.092322,10,0.084726,0.084743,0.085003,0.084767,0.08481,0.100994,0.100631,0.099605,0.099126,0.09904
7/30/21,1620,0.22155507,0.098196,10,0.090294,0.090311,0.09058,0.090336,0.09038,0.107186,0.106812,0.105758,0.105265,0.105176
7/30/21,1630,0.229725846,0.101796,10,0.093712,0.093729,0.094002,0.093754,0.093799,0.110963,0.110585,0.109518,0.10902,0.10893
7/30/21,1640,0.218618261,0.105522,10,0.097255,0.097273,0.097551,0.097299,0.097345,0.114876,0.114492,0.113409,0.112902,0.112812
7/30/21,1650,0.217660751,0.109439,10,0.100986,0.101005,0.101289,0.101031,0.101078,0.118993,0.118602,0.117497,0.116981,0.116888
7/30/21,1660,0.214739267,0.114078,10,0.105412,0.105431,0.105722,0.105457,0.105506,0.123857,0.123458,0.122331,0.121803,0.121709
7/30/21,1670,0.208822157,0.119585,10,0.110674,0.110693,0.110989,0.11072,0.110769,0.1296,0.129195,0.128052,0.127518,0.127422
7/30/21,1680,0.199571634,0.125501,10,0.116338,0.116357,0.11666,0.116385,0.116435,0.135765,0.135353,0.134191,0.133647,0.133549
7/30/21,1690,0.196374627,0.13128,10,0.121882,0.121902,0.12221,0.12193,0.121981,0.14178,0.141362,0.140179,0.139626,0.139527
7/30/21,1700,0.190276059,0.136875,10,0.127259,0.127279,0.127593,0.127308,0.12736,0.147589,0.147165,0.145967,0.145406,0.145305
7/30/21,1710,0.18301805,0.142437,10,0.132612,0.132633,0.132952,0.132662,0.132715,0.153356,0.152926,0.151712,0.151144,0.151042
7/30/21,1720,0.179295858,0.148021,10,0.137996,0.138017,0.13834,0.138047,0.1381,0.159134,0.158699,0.157471,0.156896,0.156793
7/30/21,1730,0.171095529,0.15387,10,0.143644,0.143666,0.143994,0.143696,0.14375,0.165182,0.164741,0.163497,0.162914,0.16281
7/30/21,1740,0.166017268,0.158853,10,0.148461,0.148483,0.148813,0.148513,0.148568,0.170307,0.169865,0.168617,0.168033,0.167928
7/30/21,1750,0.113865045,0.162704,10,0.152189,0.15221,0.152543,0.152241,0.152296,0.174271,0.173827,0.172573,0.171986,0.171881
7/30/21,1760,0.091730668,0.166737,10,0.156096,0.156118,0.156453,0.156149,0.156204,0.178418,0.177972,0.176712,0.176123,0.176017
7/30/21,1770,0.076808286,0.170169,10,0.159424,0.159446,0.159782,0.159477,0.159532,0.181943,0.181496,0.180232,0.17964,0.179534
7/30/21,1780,0.065560612,0.17311,10,0.162276,0.162298,0.162634,0.162329,0.162384,0.184947,0.184501,0.183241,0.182651,0.182545
7/30/21,1790,0.057253813,0.176112,10,0.16519,0.165212,0.165548,0.165243,0.165298,0.188012,0.187568,0.186311,0.185723,0.185617
7/30/21,1800,0.049930043,0.179071,10,0.168064,0.168086,0.168422,0.168117,0.168172,0.191036,0.190592,0.189337,0.188749,0.188643
7/30/21,1810,0.026719686,0.182579,10,0.171476,0.171498,0.171836,0.171529,0.171585,0.194637,0.194191,0.192928,0.192337,0.19223
7/30/21,1820,0.01610719,0.186539,10,0.17533,0.175353,0.175693,0.175384,0.17544,0.198694,0.198246,0.196978,0.196383,0.196277
7/30/21,1830,0.010813305,0.190752,10,0.179435,0.179457,0.1798,0.179489,0.179545,0.203013,0.202561,0.201284,0.200686,0.200578
7/30/21,1840,0.007385991,0.192702,10,0.181333,0.181355,0.181695,0.181386,0.181442,0.204979,0.204531,0.203266,0.202673,0.202566
7/30/21,1850,0.005228769,0.191024,10,0.17969,0.179712,0.180045,0.179742,0.179797,0.203212,0.202774,0.201535,0.200955,0.200851
7/30/21,1860,0.003783345,0.186059,10,0.174835,0.174855,0.175163,0.174883,0.174934,0.197954,0.197549,0.196402,0.195864,0.195768
7/30/21,1870,0.004295646,0.172019,10,0.161154,0.161171,0.161432,0.161195,0.161238,0.183248,0.182903,0.181925,0.181466,0.181383
7/30/21,1880,0.0051362,0.147302,10,0.137205,0.137218,0.137428,0.137238,0.137272,0.157494,0.157214,0.156422,0.15605,0.155983
7/30/21,1890,0.006094375,0.121958,10,0.11284,0.112851,0.113029,0.112868,0.112897,0.131103,0.130863,0.130183,0.129864,0.129806
7/30/21,1900,0.007312212,0.09461,10,0.086802,0.086812,0.086973,0.086827,0.086854,0.102566,0.102344,0.101716,0.101421,0.101368
7/30/21,1910,0.008855732,0.070871,10,0.064445,0.064453,0.064589,0.064466,0.064488,0.077491,0.0773,0.076758,0.076503,0.076458
7/30/21,1920,0.010851205,0.048186,10,0.043363,0.04337,0.043487,0.043381,0.0434,0.05333,0.053161,0.052682,0.052458,0.052417
7/30/21,1930,0.011764858,0.034402,10,0.030686,0.030694,0.030812,0.030705,0.030725,0.038555,0.03839,0.037925,0.037706,0.037667
7/30/21,1940,0.014436604,0.024186,10,0.021479,0.021485,0.021591,0.021495,0.021513,0.027515,0.027355,0.026903,0.026691,0.026653
7/30/21,1950,0.019167923,0.017973,10,0.015885,0.015891,0.015994,0.015901,0.015918,0.020735,0.020577,0.020131,0.019922,0.019885
7/30/21,1960,0.02928282,0.014126,10,0.012456,0.012462,0.012564,0.012472,0.012489,0.016533,0.016373,0.015918,0.015699,0.015658
7/30/21,1970,0.04002626,0.011757,10,0.010355,0.010361,0.010464,0.010371,0.010388,0.013973,0.013811,0.013354,0.01314,0.013102
7/30/21,1980,0.061387965,0.010521,10,0.009263,0.00927,0.009374,0.009279,0.009296,0.012628,0.012464,0.012001,0.011785,0.011746
7/30/21,1990,0.062006233,0.009923,10,0.008736,0.008743,0.008849,0.008752,0.00877,0.01199,0.011822,0.01135,0.011129,0.01109
7/30/21,2000,0.042803078,0.009847,10,0.008671,0.008678,0.008788,0.008688,0.008706,0.011938,0.011765,0.011278,0.01105,0.011009
7/30/21,2010,0.040868481,0.010093,10,0.00889,0.008897,0.00901,0.008907,0.008926,0.012239,0.012061,0.011559,0.011324,0.011282
7/30/21,2020,0.050399936,0.010679,10,0.00941,0.009418,0.009534,0.009428,0.009448,0.012916,0.012733,0.012215,0.011973,0.01193
7/30/21,2030,0.067656906,0.011403,10,0.010053,0.010061,0.010181,0.010072,0.010092,0.013745,0.013556,0.013023,0.012774,0.012729
7/30/21,2040,0.088621513,0.012289,10,0.010839,0.010847,0.01097,0.010858,0.010879,0.014754,0.014557,0.014007,0.013751,0.013705
7/30/21,2050,0.084562675,0.013519,10,0.011933,0.011941,0.012068,0.011953,0.011973,0.016096,0.015893,0.015076,0.015149,0.015093
7/30/21,2060,0.080388513,0.015353,10,0.013567,0.013576,0.013708,0.013588,0.01361,0.018154,0.017948,0.01737,0.0171,0.017051
7/30/21,2070,0.079383873,0.017656,10,0.015625,0.015634,0.015771,0.015646,0.015669,0.020713,0.020501,0.019901,0.019621,0.019571
7/30/21,2080,0.080663951,0.020895,10,0.018524,0.018534,0.018679,0.018547,0.018571,0.024288,0.024066,0.02344,0.023148,0.023095
7/30/21,2090,0.08220639,0.024906,10,0.022155,0.022165,0.022319,0.022179,0.022205,0.028727,0.028493,0.027835,0.027527,0.027472
7/30/21,2100,0.086140243,0.030155,10,0.026909,0.02692,0.027084,0.026935,0.026962,0.03447,0.034224,0.033528,0.033204,0.033145
7/30/21,2110,0.085370912,0.037005,10,0.033135,0.033147,0.033324,0.033163,0.033192,0.041933,0.04167,0.040929,0.040583,0.040521
7/30/21,2120,0.084359079,0.043982,10,0.039537,0.039549,0.039738,0.039566,0.039598,0.049492,0.049214,0.048431,0.048064,0.047999
7/30/21,2130,0.083976906,0.05304,10,0.047895,0.047908,0.048112,0.047927,0.04796,0.05925,0.058955,0.05812,0.057729,0.057659
7/30/21,2140,0.083615066,0.062925,10,0.057076,0.05709,0.057309,0.05711,0.057147,0.069838,0.069524,0.068638,0.068223,0.068149
7/30/21,2150,0.083467084,0.073045,10,0.066532,0.066548,0.066781,0.066569,0.066608,0.080614,0.080283,0.07935,0.078914,0.078836
7/30/21,2160,0.080695268,0.083482,10,0.07634,0.076356,0.076603,0.076379,0.07642,0.091672,0.091326,0.090348,0.089891,0.089809
7/30/21,2170,0.078723254,0.093513,10,0.085814,0.08583,0.086089,0.085854,0.085897,0.102248,0.101889,0.100874,0.100398,0.100313
7/30/21,2180,0.078894996,0.103543,10,0.095328,0.095345,0.095614,0.09537,0.095414,0.112776,0.112406,0.111357,0.110867,0.110779
7/30/21,2190,0.077584121,0.113016,10,0.104348,0.104367,0.104644,0.104392,0.104438,0.122681,0.1223,0.121225,0.120721,0.120631
7/30/21,2200,0.076473063,0.121815,10,0.112756,0.112775,0.11306,0.112801,0.112848,0.131846,0.131458,0.130363,0.12985,0.129757
7/30/21,2210,0.074689058,0.129461,10,0.120082,0.120101,0.120391,0.120128,0.120176,0.139783,0.139391,0.138282,0.137762,0.137669
7/30/21,2220,0.073700406,0.137912,10,0.128201,0.12822,0.128514,0.128247,0.128296,0.14853,0.148134,0.147013,0.146488,0.146394
7/30/21,2230,0.072257704,0.14549,10,0.135498,0.135517,0.135814,0.135544,0.135593,0.156348,0.15595,0.154824,0.154296,0.154201
7/30/21,2240,0.070684984,0.151829,10,0.141613,0.141632,0.14193,0.14166,0.141709,0.162861,0.162464,0.161341,0.160814,0.160719
7/30/21,2250,0.069235159,0.156301,10,0.145934,0.145953,0.146248,0.14598,0.146029,0.167433,0.16704,0.165927,0.165405,0.165311
7/30/21,2260,0.067838444,0.155368,10,0.145031,0.14505,0.145341,0.145077,0.145125,0.166442,0.166054,0.164956,0.164441,0.164349
7/30/21,2270,0.066883517,0.152355,10,0.142119,0.142138,0.142424,0.142164,0.142211,0.163309,0.162927,0.161846,0.161339,0.161248
7/30/21,2280,0.064309785,0.145705,10,0.135701,0.135719,0.135999,0.135745,0.135791,0.156422,0.156048,0.154988,0.154491,0.154402
7/30/21,2290,0.062414119,0.137513,10,0.127814,0.127832,0.128105,0.127857,0.127902,0.147939,0.147572,0.146531,0.146044,0.145956
7/30/21,2300,0.060375088,0.127851,10,0.118536,0.118554,0.118819,0.118578,0.118622,0.137911,0.137552,0.136535,0.136059,0.135973
7/30/21,2310,0.059049355,0.117451,10,0.108582,0.108599,0.108854,0.108622,0.108665,0.127076,0.126728,0.125743,0.125282,0.125199
7/30/21,2320,0.056985559,0.107716,10,0.0993,0.099316,0.099563,0.099339,0.09938,0.116915,0.116575,0.115616,0.115167,0.115086
7/30/21,2330,0.055240132,0.098685,10,0.090718,0.090733,0.09097,0.090755,0.090794,0.107438,0.107111,0.106185,0.105752,0.105675
7/30/21,2340,0.054143706,0.090963,10,0.083404,0.083419,0.083644,0.083439,0.083476,0.099294,0.09898,0.098093,0.097678,0.097603
7/30/21,2350,0.052601782,0.084283,10,0.077098,0.077113,0.077329,0.077132,0.077168,0.092235,0.091932,0.091076,0.090676,0.090604
7/30/21,2360,0.051190981,0.07909,10,0.07221,0.072224,0.072432,0.072243,0.072277,0.086727,0.086434,0.085606,0.085219,0.085149
7/30/21,2370,0.04353556,0.075042,10,0.068408,0.068421,0.068622,0.06844,0.068473,0.082415,0.082131,0.08133,0.080955,0.080888
7/30/21,2380,0.038298795,0.072048,10,0.065602,0.065615,0.065809,0.065632,0.065664,0.079212,0.078937,0.07816,0.077797,0.077731
7/30/21,2390,0.034449877,0.069917,10,0.063606,0.063619,0.063806,0.063636,0.063667,0.076916,0.076649,0.075896,0.075543,0.07548
7/30/21,2400,0.031720105,0.068162,10,0.061964,0.061976,0.062158,0.061993,0.062023,0.075013,0.074755,0.074026,0.073684,0.073623
7/30/21,2410,0.029056143,0.06674,10,0.060635,0.060646,0.060822,0.060662,0.060691,0.073466,0.073215,0.072507,0.072176,0.072116
7/30/21,2420,0.026664598,0.065554,10,0.059527,0.059538,0.059709,0.059554,0.059582,0.072166,0.071924,0.071237,0.070916,0.070858
7/30/21,2430,0.024915587,0.064575,10,0.058613,0.058624,0.058789,0.058639,0.058666,0.071088,0.070852,0.070186,0.069875,0.069819
7/30/21,2440,0.023177171,0.063455,10,0.057567,0.057577,0.057736,0.057592,0.057618,0.069847,0.069621,0.068981,0.068682,0.068628
7/30/21,2450,0.021403625,0.062203,10,0.056399,0.056409,0.05656,0.056422,0.056447,0.068464,0.068247,0.067635,0.067349,0.067297
7/30/21,2460,0.016431231,0.061034,10,0.055309,0.055319,0.055464,0.055332,0.055356,0.067176,0.066968,0.066379,0.066104,0.066054
7/30/21,2470,0.013038025,0.059997,10,0.054343,0.054352,0.054492,0.054365,0.054388,0.066029,0.065829,0.065263,0.064998,0.06495
7/30/21,2480,0.010500273,0.059081,10,0.05349,0.053498,0.053631,0.05351,0.053532,0.064998,0.064808,0.06427,0.064018,0.063973
7/30/21,2490,0.008635146,0.058215,10,0.052683,0.052692,0.052818,0.052703,0.052724,0.064029,0.063847,0.063333,0.063092,0.063049
7/30/21,2500,0.007253913,0.05738,10,0.051907,0.051915,0.052038,0.051926,0.051947,0.063108,0.062932,0.062434,0.062201,0.062159
7/30/21,2510,0.000325853,0.057002,10,0.051557,0.051565,0.051684,0.051576,0.051596,0.06268,0.062508,0.062023,0.061796,0.061755
7/30/21,2520,4.44692E-05,0.057085,10,0.051634,0.051642,0.051759,0.051653,0.051672,0.062743,0.062575,0.062101,0.061878,0.061838
7/30/21,2530,9.00048E-06,0.057559,10,0.052075,0.052082,0.052197,0.052093,0.052112,0.063224,0.06306,0.062594,0.062376,0.062337
7/30/21,2540,2.24485E-06,0.058391,10,0.052848,0.052855,0.052968,0.052866,0.052884,0.064084,0.063923,0.063467,0.063253,0.063215
7/30/21,2550,6.46803E-07,0.059224,10,0.053622,0.053629,0.053739,0.053639,0.053658,0.064938,0.064781,0.064338,0.06413,0.064092
7/30/21,2560,2.05363E-07,0.060541,10,0.054847,0.054854,0.054959,0.054863,0.054881,0.066295,0.066144,0.065717,0.065517,0.065481
7/30/21,2570,7.08835E-08,0.062334,10,0.056513,0.05652,0.05662,0.056529,0.056545,0.068139,0.067996,0.067593,0.067404,0.06737
7/30/21,2580,2.59113E-08,0.063589,10,0.057683,0.057689,0.057785,0.057698,0.057714,0.06943,0.069293,0.068906,0.068724,0.068692
7/30/21,2590,1.00159E-08,0.064432,10,0.058468,0.058474,0.058565,0.058482,0.058497,0.07028,0.070149,0.06978,0.069607,0.069576
7/30/21,2600,4.08043E-09,0.064518,10,0.058547,0.058553,0.05864,0.058561,0.058576,0.070331,0.070207,0.069856,0.069691,0.069661
7/30/21,2610,1.42643E-09,0.063668,10,0.057755,0.05776,0.057843,0.057768,0.057781,0.069397,0.069279,0.068944,0.068786,0.068758
7/30/21,2620,6.971E-10,0.062215,10,0.056397,0.056402,0.056475,0.056408,0.056421,0.067775,0.067671,0.067376,0.067238,0.067213
7/30/21,2630,3.66777E-10,0.057924,10,0.052397,0.052401,0.052458,0.052406,0.052416,0.063097,0.063016,0.062785,0.062677,0.062657
7/30/21,2640,2.01213E-10,0.051788,10,0.046699,0.046702,0.04674,0.046705,0.046712,0.056433,0.056378,0.056219,0.056145,0.056131
7/30/21,2650,1.13946E-10,0.046778,10,0.042071,0.042074,0.042108,0.042077,0.042083,0.051068,0.051018,0.050875,0.050808,0.050796
7/30/21,2660,6.57741E-11,0.042615,10,0.038235,0.038237,0.038262,0.038239,0.038243,0.046548,0.046511,0.046405,0.046356,0.046347
7/30/21,2670,3.87432E-11,0.039107,10,0.035004,0.035005,0.035012,0.035005,0.035006,0.04264,0.042629,0.042598,0.042584,0.042581
7/30/21,2680,2.31066E-11,0.03612,10,0.032251,0.03225,0.03224,0.032249,0.032247,0.039283,0.039299,0.039342,0.039362,0.039365
7/30/21,2690,1.39521E-11,0.02603,10,0.023097,0.023096,0.023085,0.023095,0.023093,0.028418,0.028435,0.028483,0.028506,0.02851
7/30/21,2700,8.49912E-12,0.01996,10,0.017618,0.017617,0.017612,0.017617,0.017616,0.021886,0.021893,0.021915,0.021926,0.021927
7/30/21,2710,1.60351E-11,0.015992,10,0.014066,0.014066,0.014062,0.014066,0.014065,0.017572,0.017579,0.017599,0.017608,0.01761
7/30/21,2720,3.10258E-11,0.013267,10,0.011637,0.011637,0.011632,0.011637,0.011636,0.01461,0.014619,0.014642,0.014653,0.014655
7/30/21,2730,6.14516E-11,0.011322,10,0.009907,0.009906,0.009895,0.009905,0.009903,0.012417,0.012434,0.012483,0.012506,0.01251
7/30/21,2740,1.25195E-10,0.006668,10,0.005804,0.005803,0.005799,0.005803,0.005802,0.007364,0.00737,0.007388,0.007396,0.007397
7/30/21,2750,2.63797E-10,0.005019,10,0.004359,0.004359,0.004357,0.004359,0.004359,0.005562,0.005565,0.005573,0.005577,0.005578
7/30/21,2760,5.7279E-10,0.004315,10,0.003745,0.003745,0.003743,0.003744,0.003744,0.004789,0.004791,0.004796,0.004799,0.004799
7/30/21,2770,1.30137E-09,0.003975,10,0.003448,0.003448,0.003447,0.003448,0.003448,0.004417,0.004418,0.004421,0.004422,0.004423
7/30/21,2780,3.08338E-09,0.003791,10,0.003288,0.003288,0.003287,0.003288,0.003287,0.004217,0.004217,0.004218,0.004219,0.004219
7/30/21,2790,7.76789E-09,0.003578,10,0.003102,0.003102,0.003102,0.003102,0.003102,0.003985,0.003984,0.003983,0.003983,0.003983
7/30/21,2800,2.09958E-08,0.003458,10,0.002998,0.002998,0.002998,0.002998,0.002998,0.003855,0.003854,0.003852,0.00385,0.00385
7/30/21,2810,4.38668E-08,0.003393,10,0.002942,0.002942,0.002943,0.002942,0.002942,0.003787,0.003785,0.003781,0.003779,0.003779
7/30/21,2820,9.50393E-08,0.003362,10,0.002915,0.002915,0.002916,0.002915,0.002915,0.003754,0.003752,0.003747,0.003745,0.003745
7/30/21,2830,2.14162E-07,0.003372,10,0.002924,0.002924,0.002926,0.002924,0.002925,0.003768,0.003766,0.00376,0.003757,0.003756
7/30/21,2840,5.06431E-07,0.003443,10,0.002986,0.002986,0.002988,0.002986,0.002986,0.00385,0.003848,0.003839,0.003835,0.003835
7/30/21,2850,1.26992E-06,0.003656,10,0.003172,0.003172,0.003174,0.003172,0.003173,0.004088,0.004085,0.004076,0.004072,0.004072
7/30/21,2860,3.44417E-06,0.004124,10,0.00358,0.00358,0.003581,0.00358,0.00358,0.004602,0.0046,0.004593,0.00459,0.004589
7/30/21,2870,1.03432E-05,0.004803,10,0.004173,0.004173,0.004174,0.004173,0.004173,0.005349,0.005347,0.005343,0.005341,0.005341
7/30/21,2880,3.63673E-05,0.005709,10,0.004966,0.004966,0.004966,0.004966,0.004966,0.00634,0.006341,0.006341,0.006341,0.006341
7/30/21,2890,0.000163986,0.006629,10,0.005773,0.005773,0.005771,0.005773,0.005772,0.007344,0.007347,0.007353,0.007356,0.007356
7/30/21,2900,0.001495328,0.007554,10,0.006586,0.006586,0.006583,0.006585,0.006585,0.008353,0.008357,0.008368,0.008374,0.008375
7/30/21,2910,0.001639347,0.008335,10,0.007274,0.007273,0.00727,0.007273,0.007273,0.009206,0.009211,0.009226,0.009233,0.009234
7/30/21,2920,0.001794826,0.009036,10,0.007892,0.007892,0.007887,0.007891,0.007891,0.009969,0.009975,0.009994,0.010002,0.010004
7/30/21,2930,0.001975193,0.009497,10,0.008299,0.008299,0.008294,0.008298,0.008297,0.010472,0.010479,0.010499,0.010508,0.01051
7/30/21,2940,0.002175967,0.009934,10,0.008685,0.008685,0.00868,0.008684,0.008684,0.010949,0.010956,0.010978,0.010988,0.010989
7/30/21,2950,0.002418658,0.010193,10,0.008914,0.008914,0.008909,0.008913,0.008913,0.011232,0.01124,0.011261,0.011271,0.011273
7/30/21,2960,0.002712282,0.010483,10,0.009171,0.009171,0.009166,0.00917,0.009169,0.01155,0.011557,0.011579,0.01159,0.011591
7/30/21,2970,0.003056894,0.010794,10,0.009447,0.009447,0.009441,0.009446,0.009445,0.011889,0.011897,0.01192,0.011931,0.011933
7/30/21,2980,0.003469869,0.01115,10,0.009762,0.009762,0.009756,0.009761,0.00976,0.012275,0.012284,0.012309,0.012321,0.012323
7/30/21,2990,0.003973229,0.011518,10,0.010088,0.010088,0.010082,0.010087,0.010086,0.012674,0.012684,0.012711,0.012724,0.012726
7/30/21,3000,0.00461118,0.011951,10,0.010472,0.010472,0.010465,0.010471,0.01047,0.013144,0.013155,0.013184,0.013198,0.0132
7/30/21,3010,0.004581818,0.012385,10,0.010858,0.010857,0.01085,0.010857,0.010855,0.013615,0.013626,0.013658,0.013673,0.013676
7/30/21,3020,0.004547651,0.012817,10,0.011242,0.011241,0.011233,0.01124,0.011239,0.014083,0.014095,0.014131,0.014147,0.01415
7/30/21,3030,0.004508625,0.013242,10,0.011619,0.011618,0.011609,0.011617,0.011616,0.014545,0.014558,0.014597,0.014615,0.014618
7/30/21,3040,0.00446004,0.013657,10,0.011988,0.011988,0.011978,0.011987,0.011985,0.015002,0.015017,0.01506,0.01508,0.015084
7/30/21,3050,0.004476462,0.014041,10,0.01233,0.012329,0.012319,0.012328,0.012326,0.01548,0.015506,0.015601,0.015671,0.015687
7/30/21,3060,0.004455661,0.01442,10,0.012667,0.012667,0.012656,0.012666,0.012664,0.015755,0.015774,0.015826,0.01585,0.015855
7/30/21,3070,0.004415979,0.014481,10,0.012722,0.012721,0.01271,0.01272,0.012718,0.01583,0.015848,0.015899,0.015922,0.015927
7/30/21,3080,0.004395061,0.014484,10,0.012725,0.012724,0.012713,0.012723,0.012721,0.015835,0.015853,0.015903,0.015927,0.015931
7/30/21,3090,0.004340874,0.014254,10,0.01252,0.012519,0.012509,0.012518,0.012517,0.015493,0.015527,0.015604,0.015634,0.015639
7/30/21,3100,0.004291242,0.014045,10,0.012334,0.012333,0.012324,0.012332,0.012331,0.015498,0.015524,0.015623,0.015699,0.015717
7/30/21,3110,0.004264721,0.013722,10,0.012047,0.012046,0.012038,0.012045,0.012044,0.015084,0.015098,0.015138,0.015157,0.015161
7/30/21,3120,0.004326462,0.013447,10,0.011802,0.011801,0.011793,0.0118,0.011799,0.014778,0.014791,0.014827,0.014844,0.014847
7/30/21,3130,0.004450718,0.013236,10,0.011615,0.011614,0.011607,0.011614,0.011612,0.014549,0.014561,0.014595,0.014611,0.014614
7/30/21,3140,0.004580582,0.013062,10,0.01146,0.011459,0.011452,0.011459,0.011458,0.01436,0.014371,0.014403,0.014419,0.014421
7/30/21,3150,0.004723837,0.012876,10,0.011294,0.011294,0.011287,0.011293,0.011292,0.014158,0.014169,0.0142,0.014214,0.014217
7/30/21,3160,0.004909763,0.012724,10,0.011159,0.011158,0.011152,0.011158,0.011157,0.013993,0.014003,0.014033,0.014046,0.014049
7/30/21,3170,0.005125024,0.012489,10,0.010951,0.01095,0.010944,0.01095,0.010949,0.013739,0.013749,0.013777,0.01379,0.013792
7/30/21,3180,0.005354042,0.01229,10,0.010774,0.010773,0.010767,0.010773,0.010772,0.013524,0.013533,0.013559,0.013572,0.013574
7/30/21,3190,0.005633876,0.012,10,0.010516,0.010516,0.01051,0.010515,0.010515,0.01321,0.013219,0.013243,0.013254,0.013256
7/30/21,3200,0.005929893,0.011739,10,0.010285,0.010284,0.010279,0.010284,0.010283,0.012929,0.012936,0.012958,0.012968,0.01297
7/30/21,3210,0.00574508,0.011437,10,0.010017,0.010016,0.010012,0.010016,0.010015,0.012602,0.012609,0.012628,0.012637,0.012639
7/30/21,3220,0.005541185,0.01115,10,0.009763,0.009762,0.009759,0.009762,0.009761,0.012293,0.012299,0.012316,0.012324,0.012325
7/30/21,3230,0.005388504,0.010893,10,0.009535,0.009534,0.009531,0.009534,0.009534,0.012016,0.012021,0.012036,0.012042,0.012044
7/30/21,3240,0.005229056,0.010641,10,0.009312,0.009311,0.009309,0.009311,0.009311,0.011746,0.01175,0.011761,0.011767,0.011768
7/30/21,3250,0.005083041,0.010422,10,0.009118,0.009118,0.009116,0.009118,0.009118,0.011512,0.011515,0.011524,0.011528,0.011529
7/30/21,3260,0.004916806,0.01021,10,0.008931,0.008931,0.00893,0.008931,0.00893,0.011286,0.011288,0.011293,0.011296,0.011296
7/30/21,3270,0.004769878,0.009978,10,0.008726,0.008726,0.008726,0.008726,0.008726,0.01104,0.01104,0.011042,0.011042,0.011042
7/30/21,3280,0.004628491,0.009743,10,0.008519,0.008519,0.00852,0.008519,0.008519,0.010792,0.010791,0.010788,0.010786,0.010786
7/30/21,3290,0.004498441,0.009528,10,0.00833,0.00833,0.008332,0.00833,0.008331,0.01057,0.010566,0.010557,0.010552,0.010551
7/30/21,3300,0.00434272,0.009325,10,0.008151,0.008152,0.008156,0.008152,0.008153,0.010363,0.010357,0.010339,0.010331,0.01033
7/30/21,3310,0.004549445,0.009132,10,0.007982,0.007983,0.007989,0.007983,0.007984,0.010172,0.010162,0.010135,0.010122,0.01012
7/30/21,3320,0.004735529,0.00895,10,0.007823,0.007823,0.007831,0.007824,0.007825,0.009987,0.009975,0.00994,0.009924,0.009921
7/30/21,3330,0.004969296,0.00877,10,0.007664,0.007665,0.007675,0.007666,0.007667,0.009806,0.009791,0.009748,0.009728,0.009724
7/30/21,3340,0.005237322,0.008591,10,0.007508,0.007509,0.007521,0.00751,0.007512,0.009629,0.009611,0.009559,0.009534,0.00953
7/30/21,3350,0.005522409,0.008412,10,0.007352,0.007352,0.007367,0.007354,0.007356,0.009457,0.009434,0.00937,0.00934,0.009335
7/30/21,3360,0.00586517,0.008235,10,0.007197,0.007198,0.007215,0.0072,0.007203,0.009285,0.009259,0.009184,0.009149,0.009143
7/30/21,3370,0.006272392,0.008058,10,0.007043,0.007044,0.007063,0.007046,0.007049,0.009111,0.009082,0.008997,0.008957,0.00895
7/30/21,3380,0.006766302,0.007886,10,0.006893,0.006894,0.006916,0.006896,0.0069,0.008945,0.008911,0.008816,0.008771,0.008763
7/30/21,3390,0.007395759,0.007715,10,0.006744,0.006746,0.00677,0.006748,0.006752,0.008782,0.008744,0.008637,0.008587,0.008578
7/30/21,3400,0.008159055,0.00755,10,0.0066,0.006602,0.006629,0.006604,0.006609,0.008627,0.008585,0.008465,0.008408,0.008398
7/30/21,3410,0.008340963,0.00739,10,0.006461,0.006463,0.006493,0.006466,0.006471,0.008477,0.00843,0.008298,0.008235,0.008224
7/30/21,3420,0.008523709,0.007231,10,0.006324,0.006326,0.006359,0.006329,0.006334,0.008331,0.008279,0.008133,0.008065,0.008052
7/30/21,3430,0.008708537,0.007081,10,0.006193,0.006195,0.006231,0.006199,0.006205,0.008195,0.008138,0.007978,0.007903,0.007889
7/30/21,3440,0.008941676,0.006931,10,0.006064,0.006066,0.006106,0.00607,0.006076,0.008063,0.008001,0.007825,0.007742,0.007727
7/30/21,3450,0.009169396,0.006788,10,0.00594,0.005943,0.005987,0.005947,0.005954,0.007942,0.007873,0.00768,0.007589,0.007573
7/30/21,3460,0.009474484,0.006648,10,0.00582,0.005823,0.00587,0.005828,0.005835,0.007823,0.007749,0.007539,0.00744,0.007422
7/30/21,3470,0.009805966,0.006515,10,0.005706,0.005709,0.005759,0.005713,0.005722,0.007707,0.007628,0.007403,0.007298,0.007279
7/30/21,3480,0.010160469,0.00639,10,0.005598,0.005602,0.005656,0.005607,0.005616,0.007602,0.007518,0.007277,0.007164,0.007144
7/30/21,3490,0.010636789,0.006275,10,0.005499,0.005503,0.005561,0.005508,0.005518,0.00751,0.007419,0.007162,0.007042,0.00702
7/30/21,3500,0.011242737,0.006169,10,0.005409,0.005413,0.005475,0.005419,0.005429,0.007431,0.007334,0.007059,0.00693,0.006907
7/30/21,3510,0.011182247,0.006078,10,0.005332,0.005336,0.005401,0.005342,0.005353,0.007363,0.007261,0.00697,0.006834,0.00681
7/30/21,3520,0.011082603,0.006003,10,0.005268,0.005272,0.00534,0.005279,0.00529,0.00731,0.007202,0.006898,0.006755,0.00673
7/30/21,3530,0.011043373,0.005947,10,0.005221,0.005225,0.005296,0.005232,0.005244,0.007278,0.007165,0.006847,0.006697,0.006671
7/30/21,3540,0.01100529,0.005918,10,0.005197,0.005202,0.005277,0.005209,0.005221,0.007277,0.007159,0.006826,0.00667,0.006641
7/30/21,3550,0.010948515,0.005901,10,0.005184,0.00519,0.005267,0.005197,0.00521,0.007291,0.007168,0.006819,0.006655,0.006626
7/30/21,3560,0.010852987,0.005917,10,0.005201,0.005206,0.005286,0.005213,0.005226,0.007335,0.007207,0.006846,0.006676,0.006646
7/30/21,3570,0.010799941,0.005941,10,0.005223,0.005228,0.005311,0.005236,0.00525,0.007384,0.007252,0.00688,0.006706,0.006675
7/30/21,3580,0.010709231,0.00597,10,0.00525,0.005256,0.005341,0.005263,0.005278,0.00744,0.007304,0.006921,0.006741,0.006709
7/30/21,3590,0.010663787,0.006028,10,0.005303,0.005309,0.005397,0.005317,0.005331,0.007528,0.007388,0.006994,0.006809,0.006776
7/30/21,3600,0.010626083,0.006123,10,0.005387,0.005393,0.005484,0.005402,0.005417,0.007657,0.007513,0.007107,0.006916,0.006882
7/30/21,3610,0.010526602,0.00626,10,0.00551,0.005516,0.005608,0.005524,0.005539,0.007827,0.00768,0.007265,0.007071,0.007036
7/30/21,3620,0.010468464,0.006452,10,0.005679,0.005685,0.005779,0.005694,0.005709,0.008053,0.007904,0.007482,0.007285,0.007249
7/30/21,3630,0.010410427,0.006686,10,0.005885,0.005892,0.005987,0.0059,0.005916,0.008326,0.008175,0.007745,0.007545,0.007509
7/30/21,3640,0.010352517,0.006737,10,0.005931,0.005937,0.006035,0.005946,0.005962,0.008398,0.008243,0.007807,0.007603,0.007566
7/30/21,3650,0.010273885,0.006799,10,0.005987,0.005993,0.006092,0.006002,0.006019,0.008481,0.008324,0.007881,0.007673,0.007636
7/30/21,3660,0.01021628,0.006872,10,0.006052,0.006059,0.006159,0.006068,0.006085,0.008575,0.008416,0.007966,0.007756,0.007718
7/30/21,3670,0.01011694,0.006959,10,0.006129,0.006135,0.006237,0.006145,0.006162,0.008681,0.00852,0.008065,0.007853,0.007815
7/30/21,3680,0.010017677,0.007058,10,0.006217,0.006224,0.006326,0.006233,0.00625,0.008801,0.008639,0.008179,0.007964,0.007925
7/30/21,3690,0.009939657,0.007171,10,0.006317,0.006324,0.006428,0.006334,0.006351,0.008937,0.008773,0.008308,0.00809,0.008051
7/30/21,3700,0.009840813,0.007299,10,0.006431,0.006438,0.006543,0.006447,0.006465,0.00909,0.008923,0.008453,0.008233,0.008193
7/30/21,3710,0.009785982,0.007443,10,0.006558,0.006564,0.00667,0.006574,0.006592,0.009254,0.009086,0.008613,0.008392,0.008352
7/30/21,3720,0.009731453,0.007603,10,0.006699,0.006706,0.006812,0.006715,0.006733,0.009434,0.009266,0.008791,0.008569,0.008529
7/30/21,3730,0.009677257,0.007781,10,0.006855,0.006862,0.006969,0.006872,0.00689,0.009633,0.009465,0.008988,0.008765,0.008725
7/30/21,3740,0.009559133,0.007885,10,0.006947,0.006954,0.007062,0.006964,0.006982,0.009752,0.009582,0.009104,0.00888,0.00884
7/30/21,3750,0.009483997,0.007785,10,0.00686,0.006867,0.006974,0.006877,0.006894,0.009644,0.009474,0.008995,0.008771,0.00873
7/30/21,3760,0.009430749,0.00769,10,0.006776,0.006783,0.006891,0.006793,0.006811,0.00954,0.00937,0.008891,0.008667,0.008626
7/30/21,3770,0.009421331,0.007598,10,0.006695,0.006702,0.006809,0.006712,0.00673,0.009438,0.009268,0.008789,0.008565,0.008525
7/30/21,3780,0.009325863,0.007508,10,0.006615,0.006622,0.00673,0.006632,0.00665,0.009337,0.009167,0.008689,0.008465,0.008425
7/30/21,3790,0.009274377,0.007281,10,0.006416,0.006423,0.006529,0.006432,0.00645,0.009085,0.008916,0.008438,0.008215,0.008175
7/30/21,3800,0.009223658,0.007068,10,0.006229,0.006235,0.006342,0.006245,0.006263,0.008849,0.00868,0.008203,0.00798,0.00794
7/30/21,3810,0.009003931,0.006869,10,0.006053,0.00606,0.006166,0.00607,0.006087,0.008627,0.008459,0.007983,0.00776,0.00772
7/30/21,3820,0.008858859,0.006682,10,0.005889,0.005895,0.006001,0.005905,0.005923,0.008417,0.008249,0.007775,0.007553,0.007513
7/30/21,3830,0.008781474,0.006506,10,0.005734,0.00574,0.005846,0.00575,0.005767,0.008219,0.008051,0.007579,0.007358,0.007319
7/30/21,3840,0.008676023,0.00634,10,0.005588,0.005595,0.005699,0.005604,0.005622,0.008032,0.007865,0.007395,0.007175,0.007136
7/30/21,3850,0.008581508,0.006184,10,0.00545,0.005457,0.005562,0.005467,0.005484,0.007856,0.00769,0.007221,0.007002,0.006963
7/30/21,3860,0.008472866,0.006004,10,0.005292,0.005298,0.005402,0.005308,0.005325,0.007651,0.007486,0.00702,0.006802,0.006763
7/30/21,3870,0.00839867,0.005829,10,0.005138,0.005145,0.005248,0.005154,0.005171,0.007452,0.007288,0.006825,0.006608,0.006569
7/30/21,3880,0.008338392,0.005667,10,0.004996,0.005002,0.005105,0.005012,0.005029,0.007268,0.007105,0.006644,0.006429,0.00639
7/30/21,3890,0.008307401,0.005517,10,0.004864,0.004871,0.004972,0.00488,0.004897,0.007097,0.006935,0.006477,0.006262,0.006224
7/30/21,3900,0.008286778,0.005378,10,0.004741,0.004748,0.004849,0.004757,0.004774,0.006938,0.006776,0.006321,0.006107,0.006069
7/30/21,3910,0.008279636,0.005248,10,0.004628,0.004634,0.004735,0.004643,0.00466,0.006789,0.006628,0.006175,0.005963,0.005925
7/30/21,3920,0.008246236,0.005127,10,0.004521,0.004528,0.004628,0.004537,0.004553,0.006649,0.006489,0.006039,0.005829,0.005791
7/30/21,3930,0.008221636,0.005014,10,0.004422,0.004428,0.004527,0.004437,0.004454,0.006518,0.006359,0.005912,0.005703,0.005665
7/30/21,3940,0.008199881,0.004908,10,0.004329,0.004335,0.004434,0.004344,0.004361,0.006395,0.006237,0.005793,0.005585,0.005548
7/30/21,3950,0.008163857,0.004809,10,0.004242,0.004248,0.004346,0.004257,0.004273,0.006279,0.006123,0.005681,0.005474,0.005437
7/30/21,3960,0.008152587,0.004716,10,0.00416,0.004166,0.004263,0.004175,0.004191,0.00617,0.006015,0.005576,0.00537,0.005334
7/30/21,3970,0.008152441,0.004628,10,0.004083,0.004089,0.004185,0.004098,0.004114,0.006065,0.005911,0.005476,0.005272,0.005236
7/30/21,3980,0.008152781,0.00454,10,0.004005,0.004011,0.004107,0.00402,0.004036,0.00596,0.005807,0.005376,0.005174,0.005138
7/30/21,3990,0.008182577,0.004455,10,0.00393,0.003936,0.004031,0.003945,0.003961,0.005858,0.005707,0.005279,0.005078,0.005042
7/30/21,4000,0.008429592,0.004376,10,0.00386,0.003866,0.00396,0.003875,0.00389,0.005763,0.005612,0.005188,0.00499,0.004954